vehicle_type,fuel_type,engine_cc,weight_kg,vehicle_age,distance_km,avg_speed_kmh,idle_time_min,road_type,traffic_condition,temperature_c,payload_kg,driving_duration_min,fuel_consumed_liters,data_source
car,diesel,1972,1714,5,188.5,47.2,6.3,mixed,low,21.2,112,237.1,25.555,synthetic
bus,diesel,4517,13254,3,528.6,84.3,8.8,urban,medium,28.8,4810,374.2,374.671,synthetic
truck,diesel,5681,15874,6,139.7,75.1,13.7,mixed,medium,0.7,6068,120.5,116.488,synthetic
van,petrol,2842,2759,2,54.2,58.4,35.9,highway,medium,40.9,307,59.8,12.403,synthetic
car,petrol,1236,1430,4,105.6,41.5,17.6,urban,medium,6.3,485,179.7,15.472,synthetic
car,diesel,2444,1141,0,744.7,53.2,9.3,highway,low,1.0,397,954.7,119.841,synthetic
car,diesel,1778,1101,14,445.9,73.3,86.6,mixed,high,5.1,127,422.4,111.657,synthetic
truck,diesel,3682,13673,9,639.1,51.6,98.2,highway,high,3.5,6724,868.1,509.158,synthetic
van,petrol,2866,2896,2,272.8,39.3,38.3,highway,high,-0.5,2183,474.5,96.839,synthetic
truck,diesel,4133,13693,7,478.2,30.5,15.7,mixed,medium,34.9,6004,941.2,315.823,synthetic
car,petrol,2206,1087,8,401.0,99.2,20.7,urban,medium,19.8,284,234.0,116.441,synthetic
bus,diesel,6453,11670,8,757.1,59.6,5.5,highway,low,14.4,2907,816.3,441.01,synthetic
truck,diesel,5947,6258,14,600.6,76.3,118.3,urban,high,42.5,6618,523.0,853.74,synthetic
car,petrol,1753,852,9,587.1,64.1,34.2,mixed,medium,13.6,320,558.0,101.311,synthetic
car,petrol,1682,1053,1,46.6,98.5,21.8,highway,medium,3.3,237,32.8,6.993,synthetic
car,petrol,2130,874,3,444.2,69.2,35.8,highway,medium,8.7,11,457.5,72.683,synthetic
car,diesel,1199,904,4,378.9,63.3,54.8,mixed,high,6.9,407,384.8,63.426,synthetic
van,diesel,2730,3588,14,743.0,103.2,11.8,urban,low,19.9,460,447.9,235.662,synthetic
van,diesel,2729,1886,2,213.3,84.8,3.4,urban,low,9.6,1267,174.0,54.281,synthetic
car,diesel,1134,1459,12,223.2,30.0,32.0,mixed,medium,20.8,290,404.4,28.57,synthetic
van,diesel,2511,2400,10,335.0,36.0,65.6,urban,high,28.5,1823,524.1,170.628,synthetic
car,petrol,2280,1672,0,202.3,90.8,8.8,highway,medium,33.9,205,154.1,35.738,synthetic
car,diesel,2284,1285,5,112.1,95.2,14.6,highway,medium,30.5,368,79.0,22.434,synthetic
car,petrol,1149,1106,13,687.4,69.1,19.1,urban,medium,5.3,66,612.0,84.634,synthetic
van,diesel,1954,2939,14,451.0,69.9,31.2,mixed,medium,0.8,1703,451.7,99.264,synthetic
truck,diesel,4157,10729,9,690.5,76.9,7.6,highway,medium,22.1,12569,541.8,371.505,synthetic
car,diesel,2312,1364,1,666.6,59.5,28.1,highway,medium,4.9,445,732.5,126.827,synthetic
van,petrol,2019,2052,15,232.8,81.2,10.7,mixed,low,-0.8,1533,187.5,42.292,synthetic
van,petrol,3024,3993,8,442.7,29.8,85.4,highway,high,21.4,920,852.6,208.307,synthetic
car,petrol,1152,1226,0,75.7,106.5,31.6,urban,medium,11.3,82,42.0,10.859,synthetic
van,diesel,2859,2566,10,733.0,87.5,37.8,highway,high,32.8,995,590.4,241.279,synthetic
car,petrol,1534,1510,8,329.4,76.8,8.8,urban,low,10.7,270,245.7,47.651,synthetic
car,diesel,2183,1164,15,321.0,48.5,37.9,urban,medium,43.9,98,378.3,103.941,synthetic
bus,diesel,4701,16333,6,249.2,34.5,81.1,highway,high,32.9,4786,452.6,241.437,synthetic
bus,diesel,5918,12543,10,373.9,56.8,9.2,urban,low,-2.1,4537,366.2,321.152,synthetic
truck,diesel,4089,15793,12,208.9,79.5,30.8,mixed,medium,20.4,1461,184.1,106.002,synthetic
car,petrol,2070,907,9,306.1,77.0,16.7,mixed,medium,23.1,281,221.8,58.083,synthetic
car,diesel,2311,1646,1,642.0,54.4,90.0,urban,high,29.8,395,767.7,266.631,synthetic
van,diesel,2016,3419,13,669.1,75.2,13.7,urban,low,19.9,764,534.9,130.398,synthetic
van,diesel,3273,2266,5,250.3,93.2,0.2,urban,low,19.2,1405,183.8,83.298,synthetic
car,petrol,1890,945,7,380.5,22.4,107.0,urban,high,13.4,203,1099.4,142.589,synthetic
van,petrol,2016,2496,14,700.3,60.6,12.7,mixed,medium,8.6,652,705.3,139.013,synthetic
car,petrol,1641,1776,1,51.6,88.3,6.8,mixed,low,42.3,307,41.9,7.552,synthetic
bus,diesel,4483,10568,15,712.4,69.2,12.8,urban,low,10.9,4972,568.6,441.18,synthetic
car,diesel,2051,1256,14,183.2,78.6,102.4,highway,high,-1.8,183,150.0,53.2,synthetic
van,petrol,3090,1866,4,546.0,66.5,13.4,highway,low,3.4,1470,589.7,124.438,synthetic
car,petrol,1159,1197,12,470.2,109.3,37.9,highway,medium,37.9,164,285.9,56.422,synthetic
van,diesel,2660,3057,11,446.8,24.9,20.7,mixed,medium,24.3,2217,1207.2,147.894,synthetic
van,diesel,3185,3897,10,688.9,64.2,85.6,mixed,high,33.9,2189,585.7,347.927,synthetic
car,petrol,2404,1317,5,90.2,28.2,59.0,urban,high,35.4,89,173.9,37.85,synthetic
bus,diesel,5541,16191,2,284.2,34.4,17.3,highway,medium,36.2,4550,451.7,223.805,synthetic
truck,diesel,5876,13207,13,435.2,54.5,6.5,highway,low,22.5,3121,574.1,227.561,synthetic
bus,diesel,5607,8408,11,650.9,34.0,94.3,mixed,high,3.9,929,1371.4,701.513,synthetic
truck,diesel,4485,9725,1,181.0,106.7,22.6,mixed,medium,2.4,10141,101.8,133.232,synthetic
van,petrol,3242,3066,15,644.3,105.2,101.4,highway,high,23.7,1088,362.8,347.014,synthetic
bus,petrol,5479,17506,14,325.7,50.2,31.1,mixed,medium,13.3,2888,367.1,304.407,synthetic
car,petrol,1708,1659,10,159.2,77.6,5.7,urban,medium,22.9,326,123.0,30.123,synthetic
car,petrol,1735,1028,5,609.6,68.0,9.5,highway,low,19.9,26,543.5,68.555,synthetic
car,petrol,2270,1020,2,81.8,93.4,20.3,mixed,medium,25.1,146,59.1,18.433,synthetic
car,diesel,2248,1001,1,416.7,76.5,21.0,urban,medium,-3.4,230,379.2,105.792,synthetic
car,petrol,1605,1722,14,60.5,20.0,33.6,mixed,medium,-3.4,133,203.6,13.232,synthetic
car,petrol,1500,1653,0,291.6,88.7,8.2,highway,low,31.1,24,215.8,30.176,synthetic
truck,diesel,4730,16623,13,484.9,87.2,13.3,highway,low,4.7,2213,376.8,240.98,synthetic
car,petrol,1859,1193,7,449.3,65.9,10.7,highway,low,27.6,401,459.0,58.081,synthetic
car,petrol,1358,1304,0,329.7,101.3,24.3,highway,medium,22.3,456,203.7,35.778,synthetic
van,diesel,3150,2822,11,348.9,101.8,95.5,urban,high,44.1,550,205.9,228.215,synthetic
car,petrol,1730,1053,14,189.1,67.2,6.3,highway,medium,36.8,125,166.4,26.337,synthetic
truck,petrol,4335,12575,4,370.1,74.7,5.9,urban,medium,15.7,10131,328.1,279.749,synthetic
car,petrol,1160,830,10,763.1,109.7,1.3,urban,low,25.8,477,495.8,93.484,synthetic
bus,diesel,4717,9318,5,681.9,46.9,20.3,mixed,medium,0.9,1848,937.3,407.671,synthetic
truck,diesel,5873,18299,15,124.7,49.2,13.2,urban,medium,14.3,12973,178.5,168.232,synthetic
car,petrol,1458,1552,10,33.5,36.4,118.4,mixed,high,31.7,253,49.9,8.0,synthetic
car,petrol,1253,1223,11,747.5,100.6,74.2,highway,high,26.1,478,507.3,130.049,synthetic
truck,diesel,4652,12757,11,426.1,87.0,28.2,highway,medium,19.2,2908,339.7,220.245,synthetic
truck,diesel,4268,10550,2,434.9,29.5,47.9,highway,high,3.8,14631,963.3,403.173,synthetic
truck,petrol,3588,16112,13,626.8,108.4,4.8,highway,low,35.2,7174,409.6,275.074,synthetic
truck,petrol,4308,16763,15,258.6,85.8,16.7,highway,medium,8.7,14341,194.8,209.512,synthetic
car,petrol,1816,1563,6,390.7,96.5,10.5,highway,low,36.0,229,236.0,52.728,synthetic
car,petrol,1828,1523,1,775.2,24.3,21.6,urban,medium,25.6,265,1844.1,179.848,synthetic
car,diesel,1535,1005,6,541.0,65.4,7.8,mixed,low,13.6,402,529.1,67.13,synthetic
truck,diesel,4618,10070,1,131.5,82.9,25.7,highway,medium,-3.0,11117,111.5,92.678,synthetic
van,petrol,3441,2834,15,115.2,68.9,31.9,mixed,medium,6.6,1625,92.6,45.449,synthetic
car,petrol,1566,1131,4,171.4,80.0,29.0,highway,high,39.5,208,139.0,26.255,synthetic
car,petrol,1387,1555,6,615.7,93.6,32.2,mixed,medium,35.9,396,446.3,97.102,synthetic
car,diesel,1365,1129,15,243.3,53.7,8.4,urban,low,23.7,474,254.2,31.308,synthetic
car,diesel,1687,938,10,26.9,96.4,28.4,mixed,medium,18.3,5,15.7,4.918,synthetic
truck,diesel,5399,10986,10,755.9,34.7,52.8,highway,high,27.4,9230,1321.3,879.649,synthetic
van,diesel,2150,3956,13,144.1,44.4,60.9,highway,high,18.3,2192,191.3,43.782,synthetic
truck,diesel,5273,8388,2,17.6,23.9,13.1,highway,medium,27.2,10144,42.3,13.134,synthetic
van,diesel,1836,3147,13,197.3,52.8,117.9,urban,high,10.4,2042,215.2,79.776,synthetic
car,petrol,1628,1233,15,195.7,54.2,69.7,mixed,high,36.9,448,203.5,46.93,synthetic
truck,petrol,5440,6065,10,343.4,92.5,14.9,mixed,low,30.1,11513,241.3,264.51,synthetic
truck,diesel,4347,12318,3,737.1,78.8,7.3,mixed,low,11.5,11038,621.1,438.312,synthetic
van,petrol,2758,3345,0,704.6,59.3,3.3,urban,low,36.5,2419,791.8,192.098,synthetic
truck,diesel,4012,12698,15,370.9,78.7,22.8,mixed,medium,19.4,13092,299.7,239.279,synthetic
van,petrol,3061,3719,2,334.6,24.8,6.4,urban,medium,3.7,2075,961.9,145.582,synthetic
van,petrol,1889,2436,8,448.5,36.2,110.5,highway,high,-1.1,399,864.7,143.337,synthetic
van,diesel,3249,1990,9,202.3,76.4,33.6,mixed,medium,30.0,750,188.6,67.907,synthetic
car,petrol,1297,1737,4,51.2,77.7,30.4,highway,medium,38.3,278,40.2,5.221,synthetic
car,petrol,2312,1178,14,752.0,89.7,26.3,highway,medium,35.4,355,585.3,167.883,synthetic
car,petrol,1529,1376,14,157.5,56.3,8.7,highway,low,27.8,152,189.6,18.93,synthetic
van,petrol,3029,3542,7,166.7,85.0,15.0,urban,low,2.1,415,117.9,54.681,synthetic
car,diesel,1479,1124,1,383.2,81.6,14.7,urban,medium,-0.3,156,262.8,67.748,synthetic
van,diesel,3340,3376,2,398.4,106.7,32.3,highway,medium,12.3,1973,247.5,144.098,synthetic
bus,diesel,4380,9354,6,24.6,39.4,78.1,mixed,high,37.7,4448,35.2,22.772,synthetic
car,petrol,1268,1091,13,126.9,69.7,39.2,mixed,medium,43.1,456,108.0,16.632,synthetic
van,petrol,2638,2118,9,308.7,74.2,102.8,mixed,high,7.1,1071,262.3,129.599,synthetic
truck,diesel,3705,17168,3,550.1,109.9,39.9,urban,medium,33.1,6216,331.6,436.429,synthetic
car,petrol,1294,1023,8,190.5,38.1,25.6,mixed,medium,23.7,203,353.2,26.756,synthetic
car,petrol,2416,1517,13,344.2,67.1,12.2,mixed,medium,-3.4,188,331.8,80.225,synthetic
car,petrol,2465,1743,6,450.3,51.2,7.6,highway,low,22.1,333,581.7,78.906,synthetic
car,petrol,1564,1328,13,712.0,67.3,10.7,highway,low,35.3,179,630.0,72.335,synthetic
bus,diesel,6770,13400,10,267.6,40.9,11.6,urban,low,8.8,592,434.3,246.429,synthetic
truck,diesel,4862,11916,11,115.5,24.3,5.0,highway,medium,39.9,7146,294.3,76.422,synthetic
van,diesel,2259,2517,0,396.5,71.5,22.7,highway,medium,6.8,716,384.8,70.81,synthetic
truck,petrol,5256,12135,3,599.9,50.2,3.5,urban,low,-1.2,1403,729.3,382.267,synthetic
truck,diesel,5147,14042,9,96.8,36.4,35.6,highway,medium,3.0,7592,166.1,74.343,synthetic
car,petrol,2484,1786,10,345.5,49.2,2.3,highway,low,36.9,103,434.3,55.961,synthetic
truck,diesel,4163,19066,5,24.1,24.4,86.6,urban,high,15.9,7338,67.5,31.605,synthetic
van,diesel,2943,3697,5,36.5,105.5,46.6,mixed,high,34.8,839,24.6,14.98,synthetic
truck,diesel,3630,18337,9,391.5,72.3,55.7,mixed,high,21.6,9452,324.3,324.655,synthetic
truck,diesel,3784,12018,5,245.6,93.3,37.9,urban,medium,19.0,14872,164.6,207.034,synthetic
car,petrol,1006,1457,4,677.6,58.1,3.6,urban,low,35.3,274,778.3,67.98,synthetic
car,petrol,2499,1695,2,485.7,101.3,29.5,urban,high,16.2,323,336.2,181.969,synthetic
car,diesel,2203,1193,1,368.6,63.5,1.0,highway,low,35.1,460,365.1,51.675,synthetic
van,petrol,3137,3916,2,332.3,71.7,7.6,highway,low,0.0,1060,259.5,65.162,synthetic
truck,diesel,4774,11237,8,402.8,64.3,9.6,mixed,low,26.8,3332,380.1,201.375,synthetic
truck,diesel,4250,14016,2,41.9,86.0,16.5,urban,medium,30.1,4959,31.2,28.66,synthetic
car,diesel,1227,1510,2,715.3,71.0,29.2,mixed,medium,40.0,201,619.8,77.81,synthetic
van,petrol,2284,3891,0,798.7,44.4,7.1,mixed,medium,6.2,1684,1030.7,194.282,synthetic
van,petrol,2439,2338,1,153.4,33.1,35.0,highway,medium,25.2,211,253.3,34.883,synthetic
car,diesel,2134,1546,10,105.1,74.6,12.2,urban,low,16.7,427,93.6,21.31,synthetic
car,diesel,1809,1321,11,123.4,64.0,118.5,urban,high,14.1,38,138.5,41.22,synthetic
car,petrol,1116,1069,2,532.2,28.6,37.8,urban,medium,0.3,450,1311.0,80.503,synthetic
bus,diesel,4054,15766,1,532.5,55.6,17.5,urban,medium,1.7,4772,634.9,361.61,synthetic
car,petrol,1153,1352,7,679.9,66.3,19.0,mixed,medium,36.8,495,708.7,75.111,synthetic
van,petrol,2498,3254,5,603.9,94.4,11.2,mixed,low,32.5,2062,374.8,147.356,synthetic
truck,diesel,5833,9844,6,365.3,26.8,2.0,mixed,low,14.1,2986,887.0,237.386,synthetic
car,petrol,1956,1281,0,494.2,51.4,16.0,highway,medium,36.4,353,530.0,74.827,synthetic
bus,diesel,6405,14174,5,553.7,94.0,1.8,highway,low,-1.0,1415,392.9,310.767,synthetic
bus,diesel,5399,12049,1,415.1,78.4,6.8,highway,low,26.2,4537,378.5,212.744,synthetic
car,diesel,1542,998,12,385.8,46.1,75.2,highway,high,38.4,158,581.6,80.995,synthetic
van,diesel,1984,3916,14,519.6,96.1,12.4,urban,medium,36.9,952,344.1,148.472,synthetic
car,petrol,2314,1311,5,450.4,64.4,5.9,urban,medium,13.6,459,477.0,117.23,synthetic
car,petrol,2175,1534,2,518.7,64.9,30.2,urban,medium,32.3,7,567.8,123.216,synthetic
car,petrol,1252,1211,6,494.2,107.9,22.0,mixed,high,16.4,97,265.1,81.141,synthetic
van,petrol,2671,2581,2,578.2,105.2,14.6,mixed,low,37.0,1170,375.1,148.182,synthetic
van,petrol,2629,2696,8,517.8,52.3,42.2,highway,high,21.5,1812,583.1,166.387,synthetic
car,diesel,1938,1209,2,420.6,32.7,28.2,mixed,medium,33.2,324,898.9,88.741,synthetic
car,petrol,2419,1344,6,548.6,49.3,6.5,urban,low,-1.1,335,620.5,134.138,synthetic
bus,diesel,5739,13435,11,365.1,22.7,0.9,urban,low,24.5,4460,918.3,324.646,synthetic
car,petrol,1810,1297,3,200.9,21.9,21.5,mixed,medium,22.5,61,615.3,41.338,synthetic
car,diesel,1075,935,7,11.1,55.6,23.1,highway,medium,25.5,261,11.4,1.04,synthetic
van,diesel,1907,2891,13,452.4,104.7,12.8,mixed,low,29.8,1869,245.6,90.188,synthetic
bus,diesel,4562,9691,1,476.6,98.4,30.6,mixed,medium,40.9,3363,309.9,301.234,synthetic
car,petrol,1049,926,7,777.9,66.0,7.8,mixed,medium,34.3,224,813.3,74.546,synthetic
van,petrol,3064,3852,8,295.6,70.9,12.3,mixed,medium,6.0,239,245.4,94.289,synthetic
truck,diesel,5308,14074,12,321.4,20.5,51.2,urban,high,36.3,1846,1082.1,375.454,synthetic
car,diesel,1204,1459,7,169.4,39.4,31.6,highway,high,1.1,59,294.8,21.991,synthetic
truck,diesel,5590,11027,5,65.7,22.2,21.0,highway,medium,26.1,5805,190.5,51.606,synthetic
car,petrol,1232,1709,9,620.5,87.9,118.4,highway,high,39.1,59,463.3,109.819,synthetic
van,diesel,2312,3203,0,207.2,33.1,7.7,highway,low,0.1,1180,342.6,38.774,synthetic
van,diesel,2223,3492,6,491.0,98.2,11.1,mixed,low,37.5,611,303.0,105.45,synthetic
van,diesel,2433,2611,0,553.3,77.9,28.9,highway,medium,34.9,1992,417.3,120.444,synthetic
car,petrol,1382,1760,6,382.3,40.6,34.7,mixed,medium,20.2,436,533.2,57.633,synthetic
truck,diesel,4722,17307,13,702.3,34.2,12.6,mixed,medium,10.4,6455,1253.1,600.855,synthetic
car,diesel,1611,1654,1,360.6,76.5,31.4,highway,medium,15.3,256,284.7,47.411,synthetic
car,petrol,2480,972,7,235.1,101.1,13.2,urban,low,43.4,477,156.1,61.825,synthetic
car,diesel,1084,1071,1,717.9,84.7,2.6,urban,low,5.1,268,549.2,73.739,synthetic
van,diesel,2042,2428,2,690.6,51.4,54.7,urban,high,24.0,2489,947.0,245.744,synthetic
van,petrol,1890,2396,12,139.6,72.9,117.0,urban,high,-0.8,527,108.5,51.466,synthetic
car,petrol,1939,1655,11,30.5,48.0,32.3,highway,medium,5.9,431,35.0,6.169,synthetic
van,diesel,1893,1870,2,81.1,109.9,14.9,mixed,medium,33.2,1344,46.9,18.299,synthetic
car,petrol,2255,876,0,236.4,87.4,24.7,urban,medium,10.1,11,146.1,63.601,synthetic
van,diesel,2670,2403,4,778.1,75.3,6.1,mixed,low,44.3,2436,704.6,202.725,synthetic
car,petrol,1791,1000,4,451.2,58.1,22.1,mixed,medium,20.0,483,490.2,77.59,synthetic
van,petrol,2755,2310,9,304.9,75.6,17.4,highway,medium,20.8,1082,253.1,69.175,synthetic
car,diesel,1256,1598,4,712.1,50.7,14.8,highway,medium,-3.2,477,849.3,80.334,synthetic
bus,diesel,4593,13631,13,368.0,22.6,10.1,mixed,low,42.8,1135,989.2,210.913,synthetic
car,diesel,1478,806,12,259.0,55.6,97.9,mixed,high,3.7,340,288.0,60.668,synthetic
car,petrol,1890,1229,8,753.6,103.7,107.4,urban,high,21.9,96,394.3,266.438,synthetic
car,petrol,1315,1208,5,681.1,76.4,2.3,highway,low,14.8,123,495.0,59.148,synthetic
bus,diesel,4349,9139,5,676.5,27.6,33.8,highway,medium,15.8,4007,1548.9,348.829,synthetic
truck,diesel,5925,15142,2,414.7,99.6,45.5,highway,high,27.2,6283,236.0,418.79,synthetic
car,petrol,1033,1502,4,633.7,44.2,6.4,highway,low,28.1,4,975.1,46.217,synthetic
van,diesel,3165,3386,9,151.7,41.9,36.6,urban,medium,2.7,1153,213.2,68.37,synthetic
truck,diesel,5470,15927,6,462.8,46.7,20.9,mixed,medium,20.0,4193,552.2,340.039,synthetic
van,diesel,2305,1800,2,787.2,71.9,11.9,highway,medium,34.5,1772,637.2,132.515,synthetic
van,petrol,2031,3899,1,239.9,69.0,36.0,highway,high,17.2,647,210.0,46.933,synthetic
car,diesel,1218,1614,4,637.5,64.2,21.6,urban,medium,3.3,421,542.3,90.624,synthetic
car,petrol,2046,1704,2,397.5,84.6,11.4,mixed,low,10.7,134,265.8,66.932,synthetic
truck,petrol,5107,5235,4,41.4,48.5,15.0,urban,low,5.6,6502,51.1,28.529,synthetic
bus,petrol,6348,17339,8,612.8,90.4,11.8,mixed,low,1.3,1841,404.0,440.186,synthetic
van,diesel,3394,3582,10,143.2,35.8,35.7,urban,medium,13.9,1681,273.7,74.661,synthetic
car,petrol,2038,1637,9,508.9,90.4,31.2,highway,medium,22.0,51,389.3,85.056,synthetic
car,petrol,1234,893,0,77.7,79.7,13.4,highway,low,-1.4,239,56.0,5.671,synthetic
truck,petrol,4109,16082,3,758.0,81.5,7.7,mixed,medium,25.2,5682,523.1,421.936,synthetic
truck,petrol,5605,19399,9,240.5,63.3,37.5,urban,medium,44.7,13378,248.3,321.898,synthetic
truck,diesel,4023,15178,14,188.9,80.0,5.9,urban,low,43.2,2028,161.7,105.185,synthetic
truck,diesel,3681,13558,15,112.0,27.2,37.3,mixed,medium,36.5,12616,294.0,95.117,synthetic
van,diesel,2996,3880,4,757.3,96.6,7.7,mixed,medium,8.3,586,424.1,257.626,synthetic
car,petrol,1604,1243,1,572.4,25.0,30.0,highway,medium,-3.9,44,1406.9,87.058,synthetic
car,petrol,2380,1399,11,595.9,33.4,30.7,mixed,medium,36.7,101,1199.6,171.393,synthetic
truck,petrol,5126,12145,1,404.5,71.9,39.9,urban,medium,-2.2,2437,387.7,304.899,synthetic
van,petrol,1954,3852,0,385.0,86.5,96.9,urban,high,5.3,1398,245.2,151.608,synthetic
car,diesel,2422,876,13,96.9,26.9,18.4,urban,medium,22.2,494,239.0,31.528,synthetic
car,diesel,1388,1301,7,452.3,102.9,24.5,urban,medium,3.9,17,260.3,84.894,synthetic
van,petrol,2373,3311,1,205.1,107.6,17.8,highway,medium,36.7,1261,105.4,44.444,synthetic
car,petrol,1603,1592,2,781.9,74.5,2.9,urban,low,33.9,193,658.9,107.886,synthetic
car,petrol,1077,1383,14,639.3,63.3,13.7,highway,medium,32.8,170,574.0,57.054,synthetic
van,diesel,2644,3800,11,336.3,86.7,12.8,urban,medium,35.8,963,260.8,120.471,synthetic
van,petrol,2010,3872,1,129.6,49.6,8.2,highway,low,6.0,2259,176.1,18.135,synthetic
van,diesel,2482,1942,3,630.4,64.4,36.7,highway,medium,31.4,244,677.0,130.093,synthetic
car,diesel,1526,1202,13,106.4,102.5,13.7,highway,low,12.8,387,63.2,12.848,synthetic
truck,diesel,5432,5352,0,159.6,106.0,6.9,urban,medium,28.3,4541,81.6,112.867,synthetic
car,petrol,2205,1129,2,177.1,103.4,1.2,mixed,low,1.1,192,100.5,32.562,synthetic
car,petrol,1230,1337,4,449.9,43.6,3.7,highway,low,30.3,210,643.9,36.118,synthetic
truck,diesel,4416,18662,9,631.8,40.9,45.5,urban,high,43.6,5266,1026.5,635.535,synthetic
van,petrol,2435,3662,0,258.3,46.8,29.5,highway,high,-2.8,415,336.1,68.074,synthetic
truck,diesel,3879,6912,15,76.9,59.7,5.8,mixed,low,-0.3,2601,82.0,30.187,synthetic
van,diesel,3157,2005,3,377.0,48.3,25.6,highway,medium,1.2,886,495.4,107.556,synthetic
van,diesel,3002,3096,5,601.0,53.7,8.7,highway,low,16.5,2090,637.8,139.588,synthetic
car,petrol,1286,1332,14,185.1,75.9,24.0,highway,medium,9.5,67,159.1,19.549,synthetic
car,petrol,1550,1066,3,183.7,88.6,16.9,mixed,medium,35.3,371,128.3,30.578,synthetic
car,petrol,1159,1699,6,758.3,86.2,10.6,urban,low,18.7,144,603.0,85.164,synthetic
car,diesel,1942,1727,13,763.8,93.3,33.9,highway,medium,19.2,442,543.8,152.577,synthetic
bus,diesel,4364,12026,6,792.5,22.9,5.2,highway,low,30.9,2427,1938.4,319.701,synthetic
car,petrol,2479,1690,5,648.1,24.3,1.3,highway,low,13.1,86,1675.0,118.03,synthetic
truck,diesel,5452,10759,8,158.7,91.0,49.6,highway,high,12.7,14802,116.1,187.57,synthetic
van,diesel,2463,3421,1,177.5,68.0,9.8,mixed,medium,32.8,606,145.1,39.495,synthetic
truck,diesel,4946,12139,12,278.8,72.0,21.4,urban,medium,34.0,8947,264.2,238.128,synthetic
van,petrol,3349,2070,9,261.3,24.7,10.5,urban,medium,-4.3,1509,612.8,113.381,synthetic
van,diesel,2742,3841,7,765.7,43.0,21.2,highway,medium,2.2,1057,1123.3,213.446,synthetic
van,diesel,2097,2799,7,633.4,77.5,12.7,urban,medium,5.7,2388,580.0,169.733,synthetic
car,petrol,1568,1534,10,582.0,97.3,30.9,highway,medium,12.6,422,384.4,88.676,synthetic
truck,diesel,5608,10508,9,156.9,102.5,6.0,highway,medium,9.6,12617,94.3,130.269,synthetic
car,petrol,1966,819,13,728.5,65.0,24.4,mixed,medium,28.4,487,606.3,135.979,synthetic
car,diesel,1976,901,13,664.0,69.1,10.9,highway,medium,36.4,229,542.0,104.052,synthetic
van,petrol,3274,2892,10,139.3,95.0,5.0,urban,medium,4.6,424,94.5,52.713,synthetic
car,petrol,2341,1490,3,698.2,68.4,35.4,mixed,medium,23.1,383,642.1,151.28,synthetic
bus,diesel,6759,11347,5,225.1,66.5,28.5,highway,medium,13.4,2214,204.9,165.72,synthetic
bus,diesel,4285,14955,10,73.9,101.5,8.5,mixed,medium,20.3,1357,51.4,38.266,synthetic
bus,diesel,5632,14986,5,528.9,91.1,28.2,highway,medium,26.0,2675,348.3,363.964,synthetic
car,diesel,2111,1504,4,526.5,101.8,26.4,highway,medium,39.7,463,329.2,112.035,synthetic
car,diesel,2135,1293,13,85.0,39.6,67.3,urban,high,4.6,86,137.7,34.496,synthetic
bus,diesel,5820,17149,0,261.9,67.2,19.7,urban,medium,-0.6,4319,247.5,245.195,synthetic
van,diesel,2084,2876,2,794.3,95.8,108.7,highway,high,26.4,1162,518.9,230.271,synthetic
bus,diesel,6392,12503,6,546.0,30.0,13.6,mixed,medium,14.7,1116,1093.0,447.441,synthetic
bus,diesel,6160,9994,7,586.8,91.5,59.8,mixed,high,3.1,4318,451.1,604.5,synthetic
truck,diesel,3715,9615,1,178.2,36.5,16.5,highway,medium,0.9,14575,303.5,104.922,synthetic
car,petrol,1696,842,2,72.2,92.7,97.1,mixed,high,22.9,146,49.5,17.834,synthetic
car,petrol,1261,1434,3,228.8,75.1,13.7,urban,low,10.0,152,200.5,25.647,synthetic
truck,diesel,4344,8728,13,206.6,37.4,12.7,mixed,low,44.9,6468,305.1,121.17,synthetic
car,petrol,1027,1104,10,195.3,62.6,32.9,highway,medium,15.3,407,212.3,17.546,synthetic
car,petrol,1600,1571,4,162.3,81.4,118.7,mixed,high,5.6,5,126.1,39.318,synthetic
van,diesel,2735,2520,2,464.1,77.0,29.4,highway,medium,26.4,715,396.5,115.372,synthetic
bus,diesel,5859,10422,4,269.2,58.5,11.3,mixed,low,7.2,3677,312.7,173.796,synthetic
van,diesel,2928,2172,7,658.1,100.9,39.4,mixed,medium,19.7,1133,454.6,240.949,synthetic
van,diesel,3222,3505,7,155.3,66.7,5.2,urban,medium,19.1,960,142.1,55.123,synthetic
car,diesel,1323,930,13,377.1,65.5,27.2,highway,medium,17.7,436,394.8,43.711,synthetic
van,diesel,2005,2798,1,20.8,25.6,30.9,mixed,medium,34.8,2310,47.6,5.038,synthetic
bus,diesel,6555,13069,5,390.5,103.0,111.8,urban,high,5.8,4766,249.8,748.462,synthetic
car,petrol,1235,1487,3,54.1,35.9,108.4,urban,high,40.2,136,84.1,13.054,synthetic
van,diesel,3457,3193,8,782.4,67.6,12.6,urban,low,34.6,2299,629.6,268.783,synthetic
truck,diesel,5606,17161,9,634.6,92.3,38.1,mixed,medium,11.7,11318,383.0,723.735,synthetic
truck,diesel,4752,5671,1,397.2,39.4,23.8,highway,medium,4.0,3159,602.5,199.205,synthetic
van,diesel,3468,2452,7,78.4,67.5,5.2,highway,medium,9.0,1604,63.4,24.706,synthetic
truck,diesel,3743,9202,0,478.0,41.7,0.2,mixed,low,11.6,1369,749.8,175.386,synthetic
car,petrol,1455,946,10,609.4,88.4,74.5,urban,high,22.8,354,411.7,162.808,synthetic
car,diesel,1957,1089,5,160.7,70.8,20.2,highway,medium,-2.7,367,152.6,26.56,synthetic
truck,diesel,4375,9646,10,458.9,97.0,65.1,highway,high,40.7,12051,259.3,428.651,synthetic
truck,diesel,5821,12828,10,653.2,100.5,60.0,mixed,high,-0.1,3415,376.3,754.394,synthetic
truck,diesel,3664,14956,13,616.9,78.4,13.8,highway,low,9.0,9795,482.8,252.661,synthetic
bus,diesel,5648,11811,11,644.4,85.3,55.9,urban,high,0.5,1305,460.0,700.804,synthetic
van,petrol,2804,3383,9,704.7,69.4,35.0,mixed,medium,7.8,2377,572.0,230.273,synthetic
van,petrol,2910,2540,12,750.8,54.6,36.6,highway,medium,36.9,1753,988.6,218.221,synthetic
truck,diesel,4139,9354,0,330.4,78.3,22.5,mixed,medium,25.8,2335,249.3,158.194,synthetic
van,diesel,2420,2991,1,459.3,101.7,20.6,urban,medium,6.4,630,302.4,128.049,synthetic
truck,diesel,5609,5356,2,634.6,57.5,31.6,mixed,medium,38.6,10288,639.7,547.319,synthetic
truck,diesel,3987,6197,8,560.7,48.3,29.8,urban,medium,35.0,7673,810.4,418.951,synthetic
truck,diesel,5567,11270,4,796.5,55.0,4.9,mixed,low,32.7,11308,883.7,542.726,synthetic
car,petrol,1844,1743,9,20.8,59.2,8.6,highway,medium,37.4,140,24.7,3.186,synthetic
car,diesel,2143,1522,9,290.6,26.6,4.0,highway,low,26.0,329,656.6,52.368,synthetic
car,diesel,2070,888,11,232.0,64.9,2.0,mixed,low,20.1,88,193.7,40.144,synthetic
van,diesel,2153,3662,1,217.2,64.5,15.3,highway,medium,13.7,1451,213.2,37.828,synthetic
car,petrol,1853,1532,9,185.8,73.0,14.2,mixed,medium,6.2,479,161.6,34.259,synthetic
van,diesel,3275,3144,4,570.2,52.7,27.3,highway,medium,22.9,1645,608.1,185.127,synthetic
van,petrol,2535,3605,4,77.0,75.2,14.3,urban,low,39.5,315,59.6,19.454,synthetic
car,diesel,2450,1204,0,595.9,99.0,88.6,mixed,high,24.7,494,409.7,233.508,synthetic
van,diesel,2569,2287,2,557.8,106.0,37.4,highway,medium,41.0,561,287.7,142.735,synthetic
car,petrol,1214,1312,4,208.1,72.5,11.8,mixed,low,12.8,359,180.3,20.012,synthetic
car,diesel,1584,1349,8,209.7,23.8,30.5,urban,medium,29.8,266,559.2,45.199,synthetic
truck,diesel,5879,13075,9,506.8,107.2,19.5,urban,medium,27.4,5121,313.8,549.013,synthetic
car,petrol,1480,1365,15,612.1,83.5,4.9,mixed,low,28.5,89,400.7,78.212,synthetic
car,diesel,2302,1749,0,702.4,50.2,34.6,highway,medium,27.3,89,902.4,135.04,synthetic
van,diesel,3298,3785,7,683.2,33.2,110.5,highway,high,6.1,2174,1110.9,370.932,synthetic
truck,diesel,4375,18136,0,772.3,32.9,20.8,mixed,medium,2.2,13221,1379.3,728.128,synthetic
car,petrol,1125,1601,8,469.3,35.1,0.1,highway,low,43.9,233,842.3,44.363,synthetic
van,diesel,3032,3876,15,727.8,24.1,99.3,highway,high,-2.7,438,2126.1,331.822,synthetic
car,diesel,1467,898,5,648.7,101.2,15.0,mixed,medium,18.4,442,360.8,108.132,synthetic
car,petrol,2174,1065,0,716.8,68.7,21.0,mixed,high,16.3,244,595.5,161.426,synthetic
van,petrol,2553,2889,7,19.2,83.0,12.1,urban,low,13.0,1209,15.3,5.328,synthetic
van,diesel,2625,3662,4,773.1,94.5,23.1,urban,medium,34.1,1137,496.8,281.788,synthetic
van,diesel,3122,2911,6,384.1,91.2,29.0,mixed,medium,32.3,1040,274.6,144.891,synthetic
truck,diesel,4456,16221,6,640.6,99.4,13.7,urban,low,40.3,8364,463.5,482.372,synthetic
bus,diesel,5329,9390,14,110.5,107.1,74.1,urban,high,14.8,3220,74.1,141.429,synthetic
van,diesel,2440,2355,6,322.8,59.5,22.6,mixed,medium,23.2,1273,327.4,80.702,synthetic
car,petrol,1551,1532,5,224.5,105.5,4.4,highway,low,39.6,448,134.1,26.069,synthetic
truck,diesel,4815,7471,10,240.4,85.1,15.7,urban,medium,44.7,5447,198.6,197.172,synthetic
car,petrol,2213,1151,7,107.4,26.4,32.9,mixed,medium,43.5,289,226.7,28.597,synthetic
van,petrol,2415,2383,8,646.6,81.4,6.7,mixed,low,30.9,890,493.8,121.718,synthetic
car,diesel,1786,1150,11,17.3,81.8,36.4,mixed,high,2.2,377,12.9,3.865,synthetic
car,diesel,2006,1508,14,256.9,101.5,29.5,highway,high,-3.8,51,150.1,56.503,synthetic
bus,diesel,4808,11678,1,147.8,53.6,7.1,highway,low,36.3,1349,198.4,58.256,synthetic
truck,diesel,4194,13329,6,475.3,72.6,21.3,mixed,medium,37.0,12217,439.8,345.929,synthetic
van,petrol,3387,2020,14,210.9,21.1,27.9,urban,medium,32.3,621,609.7,103.972,synthetic
van,diesel,3030,3571,1,214.6,49.9,67.1,mixed,high,9.0,1639,296.5,95.728,synthetic
car,petrol,1866,1170,5,395.8,25.6,34.3,highway,high,27.0,485,971.1,86.124,synthetic
car,diesel,1972,1449,1,525.6,67.0,22.8,mixed,medium,10.8,261,547.1,96.167,synthetic
car,diesel,1044,1525,9,105.8,93.6,110.7,urban,high,17.5,94,66.5,21.914,synthetic
van,diesel,2851,2261,5,148.7,38.6,10.6,highway,medium,14.1,938,223.6,39.84,synthetic
truck,diesel,4774,18270,1,205.3,67.5,29.1,urban,medium,40.7,12528,177.8,231.192,synthetic
van,petrol,2728,3156,0,779.3,38.4,79.4,mixed,high,6.7,1009,1293.9,339.427,synthetic
car,petrol,1539,1229,6,323.8,30.9,31.2,highway,medium,23.9,362,621.5,49.933,synthetic
bus,diesel,4244,9823,2,483.2,66.0,10.3,urban,medium,13.0,3998,414.8,256.784,synthetic
truck,diesel,3983,19135,13,200.8,27.1,38.0,urban,medium,28.2,8017,532.4,194.768,synthetic
van,petrol,3416,3461,11,397.5,72.9,9.3,highway,low,23.2,2001,383.0,99.73,synthetic
van,diesel,2495,2258,13,68.6,22.8,34.6,mixed,medium,41.2,929,196.6,21.67,synthetic
van,diesel,2593,2543,12,37.4,29.6,44.7,highway,high,0.1,1387,88.6,12.955,synthetic
car,diesel,1079,1610,3,380.3,69.5,30.9,highway,medium,6.0,343,387.6,33.24,synthetic
car,petrol,1056,1496,12,324.9,73.2,98.1,urban,high,33.3,84,293.6,58.42,synthetic
truck,diesel,5293,16487,15,118.1,22.6,6.0,mixed,low,13.4,4831,330.9,103.712,synthetic
car,petrol,1807,1241,15,553.2,71.6,18.4,mixed,medium,3.3,326,539.9,102.345,synthetic
car,petrol,1763,1516,5,794.4,95.5,85.8,highway,high,20.2,328,534.4,197.459,synthetic
car,diesel,1365,1186,4,322.6,85.0,8.3,urban,medium,27.6,247,213.6,51.655,synthetic
car,diesel,2117,1011,3,503.4,31.8,11.0,highway,low,-2.8,398,959.2,80.513,synthetic
truck,petrol,3921,14490,8,770.8,73.3,6.5,mixed,medium,9.6,7749,652.0,435.25,synthetic
truck,diesel,3975,19640,5,666.9,80.5,11.7,urban,medium,35.5,13339,586.8,568.128,synthetic
van,diesel,2583,2483,5,376.2,23.4,10.0,mixed,low,21.0,1893,1061.2,97.364,synthetic
car,diesel,1429,1261,1,592.6,97.0,29.8,highway,high,-3.2,157,426.2,86.291,synthetic
van,petrol,2221,3283,5,111.2,101.6,117.2,mixed,high,9.1,1109,74.1,44.32,synthetic
van,diesel,2897,2991,6,414.6,96.5,35.4,urban,medium,27.0,1736,255.8,171.69,synthetic
car,petrol,1976,1643,7,230.5,94.2,82.6,mixed,high,5.0,447,163.7,72.114,synthetic
van,diesel,3202,3476,14,137.3,87.0,101.9,highway,high,36.4,611,90.7,64.958,synthetic
car,petrol,1627,858,13,346.8,77.0,36.1,urban,medium,28.8,257,276.2,69.272,synthetic
van,petrol,1924,3997,7,113.5,81.1,3.9,mixed,low,18.6,473,95.9,18.988,synthetic
van,diesel,2265,3455,15,562.2,92.6,12.7,urban,low,40.8,843,394.8,145.363,synthetic
car,petrol,2470,1664,8,370.4,79.6,2.9,highway,low,14.6,343,320.3,66.238,synthetic
car,petrol,1894,1451,9,429.6,49.5,6.2,mixed,low,6.8,39,508.5,63.12,synthetic
van,diesel,3007,3684,10,125.6,53.8,24.5,highway,medium,28.1,1723,157.5,37.714,synthetic
van,diesel,1813,2047,12,120.4,100.7,30.0,highway,medium,23.7,2272,68.9,23.533,synthetic
truck,diesel,4796,10216,11,470.9,21.5,0.5,urban,low,11.8,14571,1395.0,438.657,synthetic
van,petrol,1864,3728,2,788.2,82.9,4.4,urban,low,12.2,698,587.6,139.741,synthetic
car,petrol,1854,1002,9,86.0,105.9,26.3,mixed,medium,14.9,374,52.0,18.518,synthetic
car,petrol,2381,878,14,235.7,83.6,5.4,urban,low,9.6,463,159.2,58.858,synthetic
van,diesel,3446,3534,6,696.9,109.5,97.5,urban,high,30.5,410,385.2,451.211,synthetic
car,diesel,1811,1635,6,67.1,81.9,9.8,urban,low,27.6,207,54.1,11.943,synthetic
van,diesel,2579,2158,0,701.9,23.1,43.4,urban,high,17.0,2315,1947.0,318.225,synthetic
bus,diesel,6835,16543,7,424.2,94.4,34.6,mixed,high,14.9,1413,287.0,520.748,synthetic
van,petrol,2945,3311,14,332.5,45.6,27.0,mixed,medium,13.3,2348,460.7,111.52,synthetic
car,diesel,1097,1320,3,254.6,60.1,20.8,urban,medium,9.2,264,300.6,35.278,synthetic
van,diesel,2592,3627,4,244.7,48.1,36.9,highway,high,-0.7,430,360.4,69.535,synthetic
van,petrol,2208,2722,13,251.6,44.2,4.9,mixed,low,8.4,1235,344.5,56.779,synthetic
van,diesel,2599,2227,5,709.0,58.8,50.3,highway,high,11.1,950,727.2,207.122,synthetic
bus,petrol,5366,10849,2,581.8,54.1,30.8,highway,high,22.4,1770,688.3,366.698,synthetic
car,petrol,1873,1305,4,539.1,77.0,24.1,highway,medium,33.7,271,390.1,83.347,synthetic
bus,diesel,5070,13313,9,641.0,93.2,31.7,highway,medium,14.8,2676,409.0,416.318,synthetic
bus,diesel,4493,16056,4,213.1,46.7,25.1,mixed,medium,42.2,2669,265.2,127.08,synthetic
car,petrol,1756,1591,0,498.3,39.2,33.9,urban,medium,36.4,44,736.8,114.8,synthetic
car,diesel,2245,1381,2,373.5,80.0,9.5,mixed,medium,44.2,401,305.7,78.101,synthetic
car,petrol,1996,1581,2,628.1,80.3,20.2,highway,medium,38.8,241,476.3,104.952,synthetic
car,petrol,1508,992,0,254.3,101.1,9.1,urban,low,25.8,410,143.6,37.974,synthetic
car,petrol,2403,850,12,518.1,21.4,28.7,mixed,medium,24.9,412,1691.4,147.636,synthetic
van,petrol,3351,3722,6,706.9,96.8,29.4,mixed,medium,1.5,929,509.4,263.469,synthetic
car,diesel,1314,876,0,327.7,66.9,10.9,mixed,low,31.1,2,340.6,32.898,synthetic
car,diesel,1059,1047,6,62.6,75.9,9.8,highway,low,25.0,456,50.4,4.562,synthetic
truck,diesel,5353,15430,3,417.7,28.2,1.4,mixed,low,20.3,11650,814.3,360.544,synthetic
car,petrol,2241,1209,8,283.3,58.9,29.3,highway,medium,29.7,54,268.8,55.483,synthetic
truck,diesel,5920,18145,6,541.1,40.5,30.4,urban,medium,17.2,10824,788.6,782.172,synthetic
car,diesel,2335,1098,4,761.3,42.9,14.9,urban,low,21.2,10,1029.0,190.905,synthetic
car,petrol,1901,812,6,393.6,65.4,89.3,urban,high,14.9,14,419.9,109.434,synthetic
van,diesel,2701,2461,8,378.3,93.1,88.7,mixed,high,30.9,1409,291.5,148.928,synthetic
van,diesel,1847,3072,9,527.1,86.9,23.0,mixed,medium,38.8,421,416.5,114.626,synthetic
truck,diesel,4117,10639,5,91.8,73.2,13.0,highway,low,37.0,14501,84.2,42.662,synthetic
truck,diesel,4649,13023,0,210.3,68.5,39.9,urban,medium,34.3,13514,198.1,190.503,synthetic
truck,petrol,5071,18149,5,736.0,58.5,32.3,mixed,medium,-4.3,10097,854.4,681.47,synthetic
car,petrol,1836,1712,0,539.3,107.5,81.3,highway,high,40.6,32,356.2,118.795,synthetic
car,petrol,2114,1066,12,20.6,70.4,7.8,highway,medium,8.7,162,19.0,3.324,synthetic
truck,diesel,4199,11932,11,171.7,42.9,30.4,highway,medium,39.4,6204,227.4,96.389,synthetic
truck,diesel,4912,13237,3,549.4,40.7,90.9,urban,high,4.8,7732,768.7,762.092,synthetic
bus,diesel,4264,17491,13,613.9,75.0,11.6,mixed,low,17.0,1260,527.9,289.144,synthetic
van,petrol,2503,3997,7,673.5,67.1,1.9,highway,low,32.5,1528,602.7,117.299,synthetic
car,diesel,2125,1035,15,240.8,20.7,27.9,urban,medium,27.0,218,819.1,73.135,synthetic
truck,diesel,5234,15905,4,745.5,94.7,4.4,mixed,low,15.8,14262,511.7,634.072,synthetic
car,diesel,2486,1178,14,446.8,83.4,11.4,highway,low,28.9,468,354.7,86.201,synthetic
bus,petrol,4834,8081,4,560.3,79.6,13.4,mixed,medium,22.4,3045,381.0,332.668,synthetic
truck,diesel,4745,5139,15,481.4,26.2,10.3,urban,low,8.8,10021,1157.7,391.373,synthetic
van,petrol,2360,2813,12,107.0,52.6,15.3,mixed,medium,27.3,517,125.6,29.149,synthetic
truck,diesel,4602,12325,9,770.9,104.2,20.9,highway,high,5.2,4127,493.6,566.216,synthetic
truck,diesel,5642,5339,10,107.1,97.6,27.2,highway,medium,29.7,13610,66.8,86.617,synthetic
car,petrol,2026,1487,7,211.4,45.7,1.7,highway,low,-4.8,350,331.0,29.478,synthetic
bus,diesel,6647,10940,7,652.8,34.1,9.9,highway,low,22.4,1352,1263.3,388.815,synthetic
van,petrol,2146,3032,0,498.7,60.4,13.9,mixed,low,15.1,1511,543.8,96.929,synthetic
truck,diesel,5683,9514,12,672.1,52.0,14.5,highway,low,10.2,14087,911.5,493.623,synthetic
car,diesel,1090,967,12,417.4,81.4,3.5,urban,low,20.8,173,368.8,39.011,synthetic
truck,diesel,5721,11108,4,307.8,107.0,33.3,highway,medium,27.3,3601,165.6,218.798,synthetic
car,diesel,1494,1032,11,738.3,52.7,17.4,mixed,medium,43.3,471,961.4,104.398,synthetic
car,diesel,1472,1335,4,38.6,25.6,36.5,mixed,medium,36.7,231,85.9,6.421,synthetic
bus,diesel,5536,9988,7,686.3,100.8,98.7,urban,high,30.9,2378,423.8,879.627,synthetic
car,petrol,2411,1308,0,192.3,23.4,27.4,highway,high,18.9,134,458.4,51.787,synthetic
car,petrol,1072,957,6,680.5,105.7,19.2,urban,medium,14.6,446,419.7,97.643,synthetic
bus,diesel,5057,14710,6,120.0,79.8,5.1,highway,low,-3.4,4305,93.8,61.071,synthetic
bus,diesel,6570,15539,12,468.4,104.8,32.5,highway,medium,13.0,2313,292.0,387.019,synthetic
van,diesel,2473,2043,8,711.6,38.0,19.4,urban,medium,37.4,270,1240.8,224.621,synthetic
van,petrol,2139,2829,1,384.1,23.7,10.3,mixed,low,14.2,1227,1057.5,80.276,synthetic
van,diesel,2522,1956,14,599.8,63.9,80.2,mixed,high,18.1,616,556.2,220.358,synthetic
car,petrol,1578,1398,15,645.7,60.6,39.1,urban,medium,8.6,71,736.4,129.743,synthetic
car,diesel,2373,1064,2,591.8,49.8,14.1,urban,low,8.7,197,759.2,125.923,synthetic
van,diesel,3095,2961,3,741.0,106.2,62.8,mixed,high,-1.9,428,438.4,334.651,synthetic
truck,diesel,4763,12762,0,363.0,94.0,92.4,urban,high,25.7,14405,277.0,545.361,synthetic
truck,diesel,5971,18865,14,146.8,79.5,34.0,urban,medium,17.4,1666,109.1,126.444,synthetic
truck,diesel,4663,13236,6,47.8,34.7,36.5,mixed,medium,25.3,6619,87.5,39.471,synthetic
car,diesel,1087,1383,13,204.7,86.1,7.4,highway,medium,22.3,81,157.6,17.164,synthetic
van,diesel,2246,2684,9,123.1,85.4,15.6,highway,medium,34.9,1784,81.1,26.383,synthetic
car,diesel,1654,1749,2,450.8,58.3,4.8,urban,low,32.6,39,467.2,69.995,synthetic
van,petrol,2067,3510,2,156.1,103.2,20.2,highway,medium,33.6,1458,103.5,30.391,synthetic
van,diesel,3411,2428,2,40.8,35.0,36.9,urban,high,20.0,1978,67.8,24.475,synthetic
truck,diesel,5417,17663,7,38.4,44.1,7.4,urban,low,12.7,14301,54.8,43.426,synthetic
car,diesel,1402,1232,8,666.9,25.7,86.3,urban,high,41.7,349,1696.6,185.305,synthetic
car,petrol,1886,1629,9,477.2,91.6,69.7,mixed,high,-2.3,50,344.3,131.387,synthetic
car,petrol,2082,1623,12,292.9,76.0,10.0,highway,low,2.6,44,258.8,45.369,synthetic
truck,petrol,5853,7833,13,716.4,48.3,26.6,urban,high,16.0,11242,1031.2,1023.663,synthetic
van,petrol,3299,3343,1,65.5,34.7,13.1,highway,low,25.7,695,115.1,17.744,synthetic
car,petrol,1773,1091,9,784.5,23.6,37.9,urban,medium,-4.6,224,2216.5,181.662,synthetic
car,diesel,2162,1097,14,496.9,35.0,81.8,mixed,high,31.0,488,953.5,180.432,synthetic
truck,diesel,4905,9445,9,154.9,60.8,13.2,urban,low,22.9,12479,151.4,113.542,synthetic
car,petrol,1829,1526,0,546.5,42.2,9.6,highway,medium,19.2,423,923.9,82.119,synthetic
truck,diesel,3787,8447,13,613.1,43.3,99.7,urban,high,16.2,13051,984.9,794.673,synthetic
truck,petrol,3815,5014,8,349.2,98.8,9.2,urban,medium,21.0,9674,209.3,251.695,synthetic
car,diesel,1794,1515,5,690.7,66.4,6.1,highway,low,3.1,372,688.5,78.294,synthetic
car,petrol,1403,971,13,129.1,85.6,4.9,urban,low,0.4,179,100.9,17.773,synthetic
bus,diesel,4063,9045,14,230.3,23.2,25.5,urban,medium,9.5,4993,612.7,180.502,synthetic
car,petrol,2084,1038,8,83.9,52.9,50.2,mixed,high,30.5,140,110.3,21.998,synthetic
car,diesel,1049,1180,5,176.6,63.1,83.7,mixed,high,24.4,295,185.8,26.672,synthetic
truck,petrol,4988,12139,1,198.6,36.8,17.9,mixed,medium,19.0,4949,355.6,141.503,synthetic
bus,diesel,5618,8446,0,734.9,30.8,35.1,mixed,medium,23.6,1004,1382.6,530.155,synthetic
bus,diesel,6906,17706,13,71.7,98.3,9.5,mixed,low,23.0,3054,44.7,65.422,synthetic
truck,diesel,4711,15741,7,347.7,104.5,3.2,mixed,low,10.4,5947,205.5,220.046,synthetic
car,petrol,1095,1123,2,430.6,27.1,16.8,highway,medium,-0.1,292,1068.1,42.052,synthetic
car,petrol,1828,1119,0,720.0,51.4,34.7,urban,medium,39.8,279,912.1,158.981,synthetic
truck,diesel,5603,11728,14,798.2,106.2,18.5,mixed,medium,25.0,8592,417.3,757.629,synthetic
van,petrol,3495,3178,15,605.2,27.5,73.6,urban,high,29.9,484,1311.0,436.165,synthetic
van,petrol,2532,2122,7,776.9,77.9,27.7,highway,medium,18.2,1212,623.3,181.486,synthetic
bus,diesel,4961,9889,11,631.8,107.5,17.2,highway,medium,32.8,4154,395.3,370.697,synthetic
car,diesel,2360,1659,0,770.9,108.0,4.4,highway,low,24.2,158,480.8,121.147,synthetic
van,diesel,2125,2364,7,568.7,62.4,67.5,highway,high,-2.3,1221,572.6,148.691,synthetic
car,petrol,1923,1180,0,73.0,34.6,41.5,highway,high,39.5,247,118.2,15.37,synthetic
van,petrol,2490,3717,8,327.5,38.2,48.4,urban,high,10.3,2184,508.4,152.731,synthetic
car,diesel,1062,1463,13,520.8,100.1,7.2,mixed,medium,1.9,328,304.9,60.879,synthetic
car,petrol,1521,1142,8,287.1,102.1,15.6,mixed,medium,-0.6,50,191.4,42.061,synthetic
car,petrol,1398,1484,11,226.0,74.7,16.2,mixed,medium,31.0,433,173.1,31.823,synthetic
van,diesel,2966,1843,12,466.1,89.0,14.4,mixed,low,30.2,2114,326.8,125.412,synthetic
truck,diesel,5872,16035,8,747.5,86.6,25.6,urban,medium,30.0,11551,570.3,958.343,synthetic
van,diesel,2256,2871,2,37.6,79.6,98.7,highway,high,40.8,1272,33.8,10.821,synthetic
bus,diesel,6434,16132,3,617.7,94.5,0.7,highway,low,12.4,3909,470.8,380.647,synthetic
car,diesel,1083,1755,4,581.0,81.7,1.6,mixed,low,23.1,239,506.0,52.747,synthetic
car,petrol,1807,1726,5,771.5,68.1,33.5,highway,medium,26.0,368,758.7,117.134,synthetic
truck,diesel,3676,18639,8,745.3,41.3,9.4,mixed,low,44.0,13322,1216.1,506.985,synthetic
car,diesel,2401,1312,12,612.2,86.9,11.7,urban,medium,10.6,445,476.4,177.587,synthetic
bus,diesel,6299,11601,10,421.1,62.6,19.2,mixed,medium,42.8,2546,467.7,348.81,synthetic
car,petrol,1987,1265,11,171.4,46.5,23.9,urban,medium,2.4,430,262.0,45.118,synthetic
bus,diesel,6472,14899,3,440.7,92.2,104.4,mixed,high,33.2,957,296.6,569.917,synthetic
car,petrol,1971,1684,13,614.6,82.7,7.1,highway,medium,26.6,51,457.0,105.167,synthetic
truck,diesel,5922,8105,13,717.6,104.4,79.7,highway,high,35.8,8676,428.3,886.554,synthetic
van,petrol,3014,3820,5,633.9,34.9,91.7,urban,high,-3.6,1699,1196.8,454.829,synthetic
bus,diesel,6774,16152,12,164.3,78.4,117.8,mixed,high,-1.1,1188,142.3,248.329,synthetic
car,diesel,1776,1779,0,483.8,42.0,12.1,urban,low,-1.5,236,802.8,82.886,synthetic
van,diesel,1999,3737,1,272.4,101.3,4.1,mixed,low,24.6,417,167.3,47.022,synthetic
bus,diesel,5585,10799,7,17.3,29.0,10.6,mixed,low,25.1,3209,36.1,11.793,synthetic
van,diesel,2016,2033,3,168.2,79.1,31.7,mixed,medium,40.3,2167,152.5,37.038,synthetic
van,diesel,2807,2047,9,99.4,91.2,93.0,urban,high,18.4,1897,63.4,56.719,synthetic
van,diesel,2620,2441,6,675.7,51.9,33.7,urban,medium,-1.6,1070,754.5,245.743,synthetic
van,diesel,2858,3151,3,214.2,105.9,110.4,highway,high,5.5,2486,135.3,92.281,synthetic
van,petrol,1817,3570,15,234.9,96.6,8.4,mixed,medium,-4.6,1725,139.2,54.388,synthetic
van,diesel,2131,3778,13,768.3,46.5,8.7,mixed,medium,33.8,2075,1010.7,185.428,synthetic
bus,diesel,5474,14238,15,309.5,20.7,99.6,mixed,high,35.8,3514,886.9,424.657,synthetic
car,petrol,2426,806,8,17.6,46.7,13.8,highway,medium,44.9,495,21.5,3.653,synthetic
car,petrol,1575,986,8,234.2,45.3,25.9,highway,high,15.6,411,333.0,41.153,synthetic
bus,diesel,5273,8997,3,104.2,100.1,6.0,mixed,low,-4.0,2837,63.2,58.989,synthetic
truck,diesel,5287,10450,12,91.2,107.0,102.0,highway,high,6.7,6136,53.1,99.307,synthetic
van,diesel,2826,2903,14,71.2,26.3,9.4,mixed,medium,24.4,1769,155.5,24.203,synthetic
van,petrol,2308,1895,7,478.7,62.4,87.2,urban,high,43.1,1558,520.1,181.772,synthetic
car,diesel,1616,1148,5,159.6,69.3,0.1,urban,low,0.2,315,137.3,21.751,synthetic
car,diesel,1327,979,0,295.4,28.4,8.8,mixed,medium,1.1,172,626.6,38.094,synthetic
van,petrol,3442,3224,14,691.0,54.0,55.1,highway,high,30.1,1186,749.4,298.047,synthetic
car,petrol,1196,1264,6,345.2,48.5,28.4,urban,high,28.4,279,439.7,62.176,synthetic
van,petrol,2432,2890,0,733.4,68.2,12.7,mixed,low,7.5,2130,670.0,153.195,synthetic
car,diesel,1039,1228,2,403.4,79.5,35.2,mixed,medium,35.7,381,322.3,44.8,synthetic
bus,diesel,4665,17560,7,325.1,83.3,31.4,mixed,medium,1.4,1034,278.7,219.794,synthetic
bus,diesel,6341,10147,14,602.8,32.3,3.6,mixed,low,41.3,1605,1311.4,428.768,synthetic
van,diesel,2142,2937,8,67.8,93.2,23.3,highway,medium,5.1,261,47.3,13.53,synthetic
van,petrol,1936,3419,2,80.7,81.1,2.8,highway,low,-0.9,218,54.4,10.685,synthetic
car,diesel,1712,1357,0,525.1,100.0,14.8,urban,medium,12.0,112,341.3,93.844,synthetic
truck,diesel,3525,18935,0,394.7,60.4,23.1,urban,medium,4.4,12190,363.2,277.878,synthetic
van,petrol,1944,2632,6,634.4,100.5,30.7,urban,medium,21.3,2281,421.8,173.239,synthetic
car,petrol,2211,1264,4,733.9,97.9,8.3,mixed,medium,29.3,196,457.3,159.073,synthetic
bus,petrol,6314,8885,12,316.8,59.5,49.7,highway,high,19.5,3034,368.1,285.347,synthetic
truck,diesel,5788,14135,13,481.2,54.3,13.9,mixed,low,28.0,10885,628.8,430.944,synthetic
bus,diesel,6564,10882,15,405.6,104.0,20.0,highway,medium,13.2,4788,240.0,321.775,synthetic
truck,diesel,5208,7405,0,785.5,84.4,14.1,highway,low,-3.6,13781,579.9,494.227,synthetic
van,diesel,1889,2998,15,666.6,103.5,39.7,urban,medium,43.7,332,416.0,192.28,synthetic
van,diesel,3131,2971,5,730.3,91.7,7.9,mixed,low,36.0,771,458.2,209.123,synthetic
bus,petrol,6537,8759,13,210.9,74.8,4.3,highway,low,-1.3,721,199.2,115.83,synthetic
truck,diesel,5498,15473,5,620.3,30.4,32.7,urban,medium,17.5,9632,1259.8,769.801,synthetic
car,diesel,1763,1424,13,219.7,46.2,10.6,mixed,medium,26.8,355,270.9,42.977,synthetic
car,diesel,1349,989,3,174.9,107.2,45.2,highway,high,4.5,154,110.5,26.568,synthetic
car,petrol,2268,1269,6,756.0,48.7,32.5,urban,medium,23.9,427,898.6,204.084,synthetic
truck,diesel,5318,15805,6,25.3,28.4,63.4,mixed,high,21.7,7339,50.3,32.959,synthetic
bus,diesel,6942,13294,11,772.7,83.7,12.1,urban,medium,5.4,4993,592.2,881.365,synthetic
car,petrol,1234,1195,8,127.9,86.1,9.8,highway,low,2.1,0,98.2,11.42,synthetic
van,diesel,2184,2509,11,657.4,45.7,30.6,urban,medium,32.9,452,924.4,212.6,synthetic
car,petrol,1318,1410,0,228.0,46.8,9.4,urban,medium,11.1,151,320.7,34.187,synthetic
bus,diesel,6378,17391,4,287.1,62.2,14.7,highway,medium,7.2,615,258.8,188.552,synthetic
truck,diesel,3967,15076,14,181.2,22.0,12.7,highway,medium,31.9,11953,516.4,123.186,synthetic
truck,diesel,3667,6121,9,472.6,91.0,18.3,highway,medium,31.8,1739,313.7,159.052,synthetic
van,diesel,3498,2814,2,285.0,48.5,31.7,highway,medium,8.8,1923,419.9,96.026,synthetic
van,petrol,1842,3760,6,529.3,96.8,10.7,highway,low,38.6,321,300.1,80.185,synthetic
car,diesel,2253,894,3,22.4,92.2,9.9,urban,low,29.4,126,14.4,4.796,synthetic
car,diesel,1548,1789,3,60.9,79.5,0.1,urban,low,12.3,421,54.3,8.691,synthetic
truck,diesel,5604,19236,12,88.7,49.2,2.1,mixed,low,16.4,14315,129.2,91.703,synthetic
truck,diesel,4887,6174,11,341.0,66.5,42.3,urban,high,31.3,6803,353.2,354.398,synthetic
bus,diesel,6705,17334,0,653.7,60.0,4.1,mixed,low,5.6,4865,602.9,513.089,synthetic
bus,diesel,6779,11631,0,711.7,50.5,10.1,urban,medium,18.4,3321,903.4,697.726,synthetic
van,diesel,1815,3658,9,203.4,96.3,19.4,highway,medium,27.7,1156,129.2,32.917,synthetic
truck,diesel,3689,11276,1,463.8,63.5,1.1,urban,low,22.0,12239,500.3,244.203,synthetic
bus,diesel,4751,12409,14,617.0,94.9,95.0,mixed,high,25.4,1829,357.4,596.779,synthetic
truck,diesel,5173,14514,1,238.2,29.5,32.6,highway,medium,22.3,4721,465.1,159.016,synthetic
car,petrol,2332,1574,0,333.1,32.7,8.6,highway,low,5.0,328,640.0,59.073,synthetic
van,petrol,2582,1874,7,423.9,108.0,29.0,highway,high,15.5,1098,223.2,142.564,synthetic
car,petrol,1910,1393,5,116.6,72.9,13.4,urban,low,21.6,68,106.3,21.638,synthetic
bus,diesel,4565,9867,5,30.5,65.9,14.5,highway,low,34.0,801,31.9,11.093,synthetic
van,petrol,3168,2561,9,130.7,67.1,40.2,highway,high,27.7,2012,129.9,48.083,synthetic
car,petrol,2451,1148,9,505.2,39.4,29.7,highway,medium,16.3,338,794.6,113.217,synthetic
van,diesel,2257,2832,8,68.2,84.7,12.6,mixed,low,43.7,1147,56.2,15.08,synthetic
van,petrol,2641,2535,4,159.9,27.6,8.1,urban,low,0.4,2261,326.8,46.743,synthetic
car,petrol,1129,907,14,276.9,71.6,52.3,urban,high,5.3,205,227.0,49.961,synthetic
car,petrol,1839,946,3,71.5,71.4,21.7,urban,medium,12.1,355,62.9,14.499,synthetic
van,diesel,2655,1874,14,161.4,102.3,7.7,urban,low,6.4,2291,87.0,49.679,synthetic
van,diesel,2046,2835,10,729.9,67.4,19.0,highway,medium,26.3,2134,603.8,131.051,synthetic
truck,diesel,4605,19317,5,25.2,32.3,113.0,urban,high,-3.0,8155,47.7,38.951,synthetic
van,petrol,2368,2054,7,526.2,71.5,11.2,highway,low,3.9,1765,522.1,84.914,synthetic
truck,diesel,4805,19194,13,313.7,28.2,44.1,urban,high,9.7,6791,782.0,402.347,synthetic
van,diesel,2796,3413,0,541.4,38.3,25.5,urban,medium,29.2,1689,880.9,210.837,synthetic
van,diesel,1814,3202,6,475.1,22.8,29.1,highway,medium,38.8,792,1178.5,97.322,synthetic
truck,diesel,5403,14679,7,186.6,66.2,9.9,highway,medium,34.9,7086,161.2,108.464,synthetic
van,petrol,3012,3619,8,679.3,27.6,55.8,highway,high,4.1,682,1495.9,307.405,synthetic
car,petrol,1549,907,10,398.6,62.2,13.6,highway,low,23.3,19,370.0,42.238,synthetic
car,petrol,1079,1305,7,659.8,104.0,8.5,highway,low,-3.5,294,352.2,56.458,synthetic
truck,diesel,5387,15456,6,330.7,84.8,41.7,mixed,high,10.5,13102,258.0,391.347,synthetic
van,diesel,3424,3091,15,787.9,27.0,9.3,urban,medium,35.3,259,1883.5,399.934,synthetic
truck,diesel,4100,17492,2,618.7,40.2,23.1,urban,medium,17.8,3744,912.2,450.772,synthetic
car,diesel,1485,872,1,773.1,80.6,24.2,mixed,medium,2.5,230,652.2,116.773,synthetic
car,petrol,1276,1491,14,416.3,100.5,16.7,urban,medium,16.9,333,281.5,73.329,synthetic
car,petrol,1865,1334,2,384.2,23.0,83.0,mixed,high,4.9,86,1051.4,124.527,synthetic
car,petrol,1232,1179,3,606.8,93.1,26.9,mixed,high,14.7,28,363.2,87.395,synthetic
van,petrol,2406,2549,3,705.4,70.6,10.1,mixed,medium,19.4,1394,705.1,155.23,synthetic
car,petrol,2046,1421,5,771.7,69.1,8.2,mixed,low,12.5,409,736.9,117.545,synthetic
van,petrol,2752,3760,11,266.4,106.2,7.2,highway,medium,41.8,281,146.6,73.736,synthetic
bus,diesel,5159,12962,6,641.0,87.3,35.8,urban,medium,23.1,2072,477.2,530.349,synthetic
car,diesel,1630,1625,11,176.4,96.5,10.0,mixed,medium,37.1,332,112.0,32.119,synthetic
van,diesel,2756,2685,3,441.0,51.9,28.6,urban,medium,33.0,501,556.5,158.904,synthetic
truck,diesel,3515,6536,15,152.1,69.9,5.9,mixed,low,28.1,4303,136.1,49.222,synthetic
car,diesel,1118,862,9,284.4,75.4,19.0,highway,medium,19.8,268,236.7,27.236,synthetic
van,petrol,3298,1913,5,745.8,48.9,31.8,urban,medium,-4.9,2392,1024.7,359.969,synthetic
truck,petrol,3695,10702,8,125.4,71.3,69.9,mixed,high,25.7,5023,114.4,81.904,synthetic
bus,diesel,6120,11372,13,509.6,41.3,30.4,urban,medium,12.8,2694,684.1,547.895,synthetic
car,petrol,2380,1518,5,478.4,32.9,7.6,mixed,low,0.9,200,802.3,103.435,synthetic
bus,diesel,4812,15428,13,105.4,53.7,25.8,highway,medium,17.2,4538,116.8,67.877,synthetic
van,petrol,2430,1912,2,267.5,86.5,96.1,mixed,high,31.8,365,190.9,95.584,synthetic
car,petrol,1853,1021,0,454.8,102.5,26.3,mixed,medium,43.1,283,261.7,92.33,synthetic
van,diesel,3299,2403,10,157.9,61.2,26.5,urban,medium,13.7,2146,169.6,68.025,synthetic
bus,diesel,6826,13476,9,642.5,77.9,32.6,highway,medium,22.1,4947,474.6,524.046,synthetic
van,diesel,3057,2118,9,778.0,29.3,14.2,highway,low,37.6,1807,1772.0,211.705,synthetic
car,diesel,1130,934,12,179.7,101.4,57.7,mixed,high,11.7,190,120.3,34.295,synthetic
van,diesel,2938,3876,4,157.7,71.2,8.7,mixed,low,2.1,1147,124.6,37.234,synthetic
car,petrol,1615,1604,15,369.4,90.2,8.0,highway,medium,9.1,176,269.0,51.822,synthetic
car,petrol,1706,981,9,600.7,91.5,5.4,highway,low,40.0,302,468.2,72.196,synthetic
car,diesel,1074,1207,9,232.5,43.1,6.2,mixed,low,3.0,370,310.1,21.643,synthetic
car,petrol,1287,1156,2,25.7,67.6,34.2,mixed,medium,11.5,410,26.7,3.317,synthetic
car,petrol,2186,1591,7,437.6,106.4,23.0,highway,medium,18.2,208,266.8,92.771,synthetic
car,diesel,1681,1310,9,765.7,28.1,30.6,highway,medium,37.4,358,1763.4,130.815,synthetic
van,diesel,2313,2081,14,319.1,81.5,5.7,mixed,medium,41.9,2307,215.2,84.205,synthetic
car,petrol,1576,1539,0,341.9,106.6,21.3,urban,medium,16.3,460,216.4,69.779,synthetic
car,petrol,2282,1197,10,775.4,47.1,36.5,mixed,medium,41.6,352,1031.8,200.545,synthetic
truck,diesel,5372,8944,1,558.7,97.5,12.9,urban,medium,3.1,9917,383.7,508.581,synthetic
van,petrol,2263,2626,2,578.1,104.0,6.1,mixed,medium,2.8,1423,381.1,147.632,synthetic
van,diesel,2000,2895,2,454.5,87.2,20.2,urban,medium,42.5,621,330.5,111.325,synthetic
car,petrol,1378,1143,11,779.9,40.8,29.7,mixed,medium,20.5,62,1122.5,119.401,synthetic
car,petrol,2381,1042,7,554.2,50.1,65.4,urban,high,4.3,243,626.0,215.321,synthetic
car,diesel,1872,1199,4,717.1,23.2,6.9,highway,low,19.4,80,1756.6,106.978,synthetic
car,petrol,1800,819,7,562.5,94.8,87.0,highway,high,34.2,288,412.9,134.22,synthetic
car,petrol,1895,1572,10,590.7,96.5,3.8,mixed,low,36.3,323,344.3,97.957,synthetic
car,petrol,1549,971,15,239.4,76.9,31.3,urban,medium,38.2,263,189.6,43.388,synthetic
car,petrol,2211,844,13,249.7,51.7,2.3,urban,low,23.5,18,289.8,56.527,synthetic
car,petrol,1785,1454,14,628.6,26.9,18.9,urban,medium,38.3,29,1625.0,160.516,synthetic
van,diesel,1998,3503,14,244.4,87.8,9.8,highway,low,20.5,461,174.3,38.126,synthetic
car,diesel,1194,1614,10,454.6,85.4,102.8,highway,high,25.4,77,383.0,62.202,synthetic
car,petrol,1805,1294,5,207.0,102.1,99.2,highway,high,32.9,495,136.3,52.021,synthetic
van,petrol,3392,2252,14,655.4,85.7,30.3,urban,medium,16.3,992,529.8,292.336,synthetic
van,petrol,2324,3422,11,97.3,94.6,17.6,mixed,medium,-1.3,872,57.4,25.23,synthetic
car,petrol,2304,1500,1,665.3,87.1,32.2,mixed,high,12.5,26,447.1,189.6,synthetic
truck,diesel,5410,8694,10,486.2,76.8,41.7,mixed,high,26.2,9894,357.4,525.741,synthetic
van,diesel,2221,3787,3,157.7,58.4,35.3,urban,medium,4.6,1700,168.2,47.36,synthetic
car,diesel,1055,904,15,438.2,101.2,35.0,mixed,medium,2.4,88,289.8,58.263,synthetic
truck,diesel,3755,19740,8,233.2,78.6,38.3,highway,medium,9.7,13869,169.3,148.199,synthetic
bus,diesel,6185,16602,15,265.5,55.9,7.7,highway,medium,-3.4,4102,267.9,201.428,synthetic
car,petrol,1300,1488,3,287.7,27.5,23.8,highway,medium,32.2,115,680.4,35.329,synthetic
car,diesel,1557,1739,4,60.0,46.2,27.7,urban,medium,7.9,243,75.6,11.308,synthetic
truck,diesel,4754,15835,4,788.9,68.9,10.7,highway,low,1.2,7417,716.7,407.681,synthetic
truck,diesel,5314,7857,9,34.9,44.8,27.5,highway,medium,30.0,5879,42.8,22.587,synthetic
car,diesel,1170,1242,7,533.4,39.9,32.0,urban,medium,37.1,409,885.4,88.37,synthetic
car,petrol,1610,872,5,303.3,67.5,55.9,urban,high,-4.0,55,286.5,68.632,synthetic
car,petrol,1728,1190,9,520.3,35.3,37.9,urban,high,6.7,208,968.2,163.655,synthetic
van,petrol,2719,3432,6,291.4,92.0,12.2,urban,medium,42.3,1184,186.7,111.351,synthetic
van,diesel,3191,2650,5,542.3,63.6,5.4,highway,medium,14.3,1278,503.2,138.695,synthetic
car,petrol,1258,1130,13,586.1,71.6,5.3,highway,low,41.9,431,559.7,53.594,synthetic
van,diesel,3173,3110,13,555.5,33.3,8.2,highway,medium,8.7,702,1117.8,168.932,synthetic
truck,petrol,5232,18083,13,100.0,49.2,4.8,highway,low,5.9,2441,131.0,56.905,synthetic
car,diesel,1834,848,4,528.9,56.9,9.4,urban,low,5.7,309,607.0,91.405,synthetic
car,petrol,2049,1185,15,231.2,92.7,36.3,mixed,medium,-0.7,87,138.8,51.908,synthetic
truck,diesel,4530,7374,14,32.8,89.3,34.4,highway,medium,39.8,2049,25.5,13.891,synthetic
truck,diesel,3846,15430,4,337.7,40.1,3.8,urban,low,44.0,6973,571.9,203.861,synthetic
van,diesel,2932,2033,2,352.5,75.5,33.4,mixed,high,42.7,705,301.9,125.877,synthetic
van,diesel,2692,3263,6,379.1,41.9,11.8,highway,medium,37.6,1031,638.0,101.134,synthetic
car,petrol,1959,1086,12,566.8,108.9,14.6,highway,low,37.3,130,296.7,91.575,synthetic
van,diesel,2375,2238,9,254.0,105.7,8.2,urban,low,28.1,413,159.5,69.383,synthetic
van,petrol,3342,3860,4,259.1,70.7,2.7,urban,low,36.3,1489,261.4,80.911,synthetic
car,petrol,1881,819,6,57.8,82.9,12.6,urban,low,5.4,14,41.6,10.302,synthetic
car,petrol,1128,1238,14,552.6,92.1,59.5,mixed,high,14.4,483,325.5,96.732,synthetic
car,petrol,1675,822,1,458.6,84.9,36.5,highway,medium,27.0,171,363.2,57.023,synthetic
car,petrol,2135,1284,8,286.0,83.0,46.1,urban,high,38.7,348,186.6,94.021,synthetic
car,diesel,2191,1301,7,567.1,106.3,5.9,highway,low,28.0,405,372.0,92.848,synthetic
car,petrol,1742,1122,14,434.5,73.7,22.7,mixed,medium,37.0,140,324.4,81.066,synthetic
car,petrol,2342,932,4,380.7,77.3,36.2,mixed,medium,18.7,374,324.0,86.107,synthetic
car,diesel,1402,1176,1,413.9,96.4,35.4,highway,medium,30.9,416,260.9,54.049,synthetic
truck,diesel,4526,15084,5,512.7,80.3,25.1,highway,medium,44.0,4378,368.2,294.473,synthetic
van,diesel,3328,3521,7,531.4,86.0,42.2,highway,high,2.7,2483,433.8,203.819,synthetic
van,diesel,3324,2968,6,238.3,41.1,6.1,highway,low,41.3,248,391.2,60.144,synthetic
truck,diesel,5214,13848,15,121.2,53.4,39.1,highway,medium,21.1,4038,136.4,81.651,synthetic
van,petrol,3260,2241,7,133.7,33.3,80.8,urban,high,27.2,1994,237.7,92.207,synthetic
car,diesel,1133,1087,3,515.1,65.5,11.7,mixed,low,38.9,97,528.7,46.854,synthetic
van,diesel,3270,2156,15,699.6,61.0,6.7,urban,low,15.5,1806,791.8,239.292,synthetic
van,petrol,2345,2348,13,333.5,109.7,8.0,highway,low,15.9,2168,203.3,65.413,synthetic
truck,diesel,3946,8373,2,143.9,75.0,20.0,highway,medium,21.4,14429,125.7,80.311,synthetic
van,diesel,2207,2943,15,607.7,90.8,10.5,highway,low,-4.0,1291,389.0,111.814,synthetic
car,petrol,1627,1363,6,667.7,50.1,12.8,highway,low,19.8,486,924.9,72.162,synthetic
car,petrol,1377,1745,1,705.7,94.8,22.8,mixed,medium,9.6,206,502.2,91.959,synthetic
car,petrol,1481,996,13,489.4,75.4,21.8,highway,medium,41.4,109,411.2,62.961,synthetic
van,petrol,2029,3212,4,690.0,82.7,5.1,mixed,low,-0.6,1382,527.2,114.074,synthetic
van,petrol,2304,3598,12,22.2,46.5,11.2,urban,medium,18.0,1695,30.6,7.417,synthetic
car,petrol,1858,1360,6,94.7,69.4,37.9,urban,medium,42.4,229,94.1,19.781,synthetic
bus,diesel,5326,10550,0,83.1,77.1,51.6,urban,high,40.1,3051,72.7,81.777,synthetic
van,diesel,2389,2378,3,573.0,73.0,33.0,mixed,medium,30.1,1158,544.7,139.998,synthetic
car,petrol,2120,839,14,65.0,102.4,91.5,urban,high,24.5,262,40.1,25.883,synthetic
car,petrol,2340,1105,1,402.1,100.8,32.7,highway,medium,9.0,476,260.2,77.192,synthetic
car,petrol,2135,1545,5,383.4,107.4,14.1,highway,low,13.3,250,247.7,64.578,synthetic
car,diesel,1498,848,11,255.5,80.1,26.8,mixed,medium,-0.5,127,185.6,38.153,synthetic
car,petrol,2117,1019,0,697.6,107.5,109.8,highway,high,34.3,379,402.4,209.503,synthetic
car,petrol,1228,1506,6,144.6,94.9,10.9,urban,medium,11.2,169,99.3,20.852,synthetic
car,petrol,1195,1583,2,288.4,44.4,82.7,urban,high,28.4,408,458.1,60.967,synthetic
car,petrol,1518,1255,11,621.6,58.5,97.2,highway,high,12.9,28,577.1,130.953,synthetic
truck,diesel,5519,15471,0,34.0,41.5,4.1,highway,low,18.2,5650,47.5,18.952,synthetic
car,diesel,1370,1188,14,541.6,20.4,11.1,highway,low,22.8,47,1547.5,60.847,synthetic
van,diesel,1908,2152,7,655.0,36.9,11.7,mixed,low,35.1,396,1062.1,106.647,synthetic
van,petrol,2024,2676,6,746.5,20.4,34.1,urban,medium,5.6,1714,2165.3,233.027,synthetic
bus,diesel,6576,13800,1,702.3,84.8,4.7,mixed,low,14.9,2234,535.3,478.368,synthetic
car,petrol,1951,1748,6,262.3,58.3,88.2,mixed,high,1.5,436,314.7,74.611,synthetic
car,petrol,1380,869,2,473.2,48.1,4.6,highway,low,-1.2,258,643.7,46.454,synthetic
bus,diesel,5666,13074,14,71.1,88.6,30.9,urban,medium,25.2,1829,46.8,65.277,synthetic
truck,diesel,4819,9934,12,213.7,94.9,6.9,mixed,low,4.5,11092,156.6,141.618,synthetic
truck,diesel,5139,12625,8,84.4,107.8,79.8,urban,high,-2.0,9736,51.2,138.821,synthetic
car,petrol,1350,824,7,259.0,77.8,19.6,urban,medium,39.9,400,192.9,39.593,synthetic
car,diesel,2297,1113,4,701.4,61.5,36.2,mixed,high,21.7,322,689.7,190.375,synthetic
van,diesel,2326,3604,6,284.3,47.5,37.8,highway,high,1.7,584,408.5,75.304,synthetic
bus,diesel,6082,13539,2,453.9,40.0,7.7,mixed,medium,-2.3,3516,763.5,366.397,synthetic
van,diesel,1827,2791,0,352.4,39.2,9.3,highway,low,1.0,1101,579.2,50.256,synthetic
van,petrol,2434,2428,0,372.5,56.8,12.7,urban,low,18.6,1265,371.1,87.761,synthetic
car,petrol,1528,1098,14,776.0,109.3,0.3,highway,low,28.4,461,486.2,101.719,synthetic
truck,diesel,4859,10747,10,244.0,20.1,7.3,mixed,medium,27.1,6039,723.4,196.993,synthetic
car,petrol,1109,1636,1,505.6,37.7,6.9,urban,low,2.2,306,909.3,58.947,synthetic
car,diesel,2185,1767,7,341.8,37.0,11.1,urban,low,26.7,182,607.3,78.505,synthetic
van,diesel,2170,2765,0,58.3,84.5,10.5,mixed,medium,15.2,418,40.5,10.727,synthetic
van,petrol,2951,2665,15,396.6,51.7,14.5,mixed,medium,18.2,1243,443.3,124.092,synthetic
car,petrol,2205,1647,10,652.5,61.2,13.1,mixed,medium,35.1,299,601.4,136.276,synthetic
car,petrol,1843,1227,11,88.0,33.4,19.0,highway,medium,11.6,204,153.9,15.22,synthetic
van,diesel,3060,3014,4,65.0,56.4,42.5,mixed,high,2.3,1099,65.4,26.708,synthetic
car,diesel,1993,1031,8,131.4,29.3,17.3,urban,medium,38.7,410,292.0,35.863,synthetic
van,petrol,2404,3436,11,613.9,68.0,10.9,urban,low,5.6,268,585.0,148.05,synthetic
car,diesel,2213,1332,8,582.0,28.8,81.1,mixed,high,9.7,148,1303.7,223.322,synthetic
van,diesel,2301,3580,1,456.4,91.1,28.1,highway,high,30.3,2067,328.2,116.863,synthetic
van,petrol,2771,3518,6,379.9,71.0,9.6,highway,low,29.2,2317,367.4,77.822,synthetic
car,diesel,2118,1015,10,711.8,85.2,21.7,urban,medium,35.0,206,588.8,184.682,synthetic
car,petrol,1568,1516,0,615.7,57.7,37.7,mixed,medium,4.2,444,620.8,100.47,synthetic
car,diesel,1454,1600,2,651.4,54.3,4.3,urban,low,12.6,99,774.3,93.237,synthetic
car,diesel,1689,1146,5,652.5,28.8,92.6,urban,high,1.3,111,1253.7,225.222,synthetic
bus,diesel,6454,9726,8,517.7,67.1,11.0,urban,low,22.1,4308,433.0,379.069,synthetic
car,diesel,2395,803,9,371.8,66.3,42.2,urban,high,9.6,452,368.9,128.105,synthetic
truck,diesel,4863,11764,1,693.1,62.1,36.6,mixed,medium,29.4,4119,700.1,448.265,synthetic
car,petrol,1992,1152,6,741.5,86.6,22.2,highway,medium,-5.0,30,579.0,141.822,synthetic
van,petrol,3336,3021,14,28.8,94.9,10.2,mixed,low,-2.0,408,18.7,9.112,synthetic
truck,diesel,3746,7821,3,50.7,87.6,2.2,mixed,low,16.6,4659,32.6,18.595,synthetic
van,petrol,2195,3691,1,767.4,32.9,3.9,urban,low,42.9,1951,1623.3,195.972,synthetic
van,petrol,3005,2367,2,229.0,76.0,8.8,highway,low,39.5,1373,167.2,49.238,synthetic
van,petrol,3200,2298,5,700.0,27.2,16.2,highway,medium,44.7,1248,1475.6,223.632,synthetic
car,diesel,2286,1281,15,317.1,82.5,70.0,mixed,high,15.8,292,226.7,104.239,synthetic
bus,diesel,5245,12989,9,104.1,54.4,18.1,highway,medium,-2.7,4506,137.7,69.743,synthetic
truck,diesel,3723,8226,8,73.6,31.9,84.1,urban,high,10.3,2266,141.7,60.609,synthetic
bus,diesel,5313,10719,15,133.6,97.6,22.1,highway,medium,28.8,3626,86.3,86.731,synthetic
car,petrol,1346,970,7,207.4,75.3,20.5,urban,high,1.8,463,187.0,36.757,synthetic
truck,diesel,4228,15777,9,395.9,51.9,85.0,mixed,high,10.0,3987,499.1,380.705,synthetic
bus,diesel,6317,15701,13,564.2,22.8,6.3,mixed,low,-2.2,4270,1713.6,520.796,synthetic
car,diesel,1113,1262,10,789.3,68.4,54.2,urban,high,18.7,349,724.6,123.64,synthetic
car,diesel,2241,1514,8,358.8,103.1,8.3,mixed,medium,5.4,7,248.8,80.314,synthetic
truck,diesel,4569,16039,3,419.4,73.7,42.0,mixed,high,-0.4,4243,389.0,363.287,synthetic
van,diesel,2813,2104,11,422.2,107.4,12.8,highway,medium,15.6,1593,240.6,124.351,synthetic
truck,petrol,3724,19493,3,436.2,32.3,37.7,highway,medium,12.6,8034,822.3,280.121,synthetic
car,petrol,1506,1621,14,419.0,71.1,6.5,mixed,low,21.9,264,416.6,50.359,synthetic
truck,diesel,3724,8067,8,16.9,91.8,0.6,mixed,low,32.5,4247,12.2,7.293,synthetic
car,petrol,2442,986,7,11.4,67.3,9.9,urban,medium,0.6,338,11.0,2.837,synthetic
car,petrol,2211,926,11,87.2,28.2,27.9,highway,high,34.6,133,209.1,23.63,synthetic
car,petrol,1689,938,14,90.2,72.5,25.6,mixed,medium,-3.7,195,79.8,15.242,synthetic
truck,petrol,4059,16222,1,566.9,75.1,11.5,urban,medium,17.2,6165,429.5,361.977,synthetic
van,diesel,3387,2833,7,171.9,85.6,69.9,mixed,high,24.4,1746,120.0,91.093,synthetic
van,diesel,2386,3522,0,716.8,88.5,57.0,mixed,high,42.8,408,518.7,234.711,synthetic
car,petrol,1241,1546,8,743.6,89.4,12.1,mixed,low,23.7,103,452.0,76.779,synthetic
truck,diesel,4908,14069,8,781.0,79.7,4.8,mixed,low,2.9,3807,606.2,419.962,synthetic
car,diesel,2416,1486,12,751.9,39.4,6.9,highway,low,20.9,54,1289.3,123.992,synthetic
truck,diesel,3510,5275,14,224.8,56.4,92.1,mixed,high,14.8,3906,227.1,155.274,synthetic
van,petrol,2205,2486,7,412.7,89.9,63.3,highway,high,19.0,1596,253.4,109.177,synthetic
car,petrol,2408,1438,10,148.6,105.8,11.9,mixed,low,4.9,366,97.0,37.347,synthetic
van,petrol,2091,1821,4,646.9,27.1,9.9,highway,low,20.0,1719,1554.0,109.669,synthetic
car,diesel,1170,833,4,711.9,68.2,61.1,urban,high,2.5,238,596.8,131.286,synthetic
truck,diesel,4925,17778,12,682.5,48.1,70.4,highway,high,32.2,1734,971.6,522.927,synthetic
van,diesel,3265,3305,2,352.4,40.3,116.7,mixed,high,24.7,2406,575.9,219.676,synthetic
car,petrol,1716,1065,4,609.4,65.5,28.2,highway,medium,-1.1,84,558.1,90.041,synthetic
truck,diesel,5986,15319,3,87.1,74.5,13.6,urban,low,39.5,10358,71.0,88.93,synthetic
car,diesel,2019,1592,0,41.8,20.9,11.3,mixed,medium,25.8,456,113.7,8.373,synthetic
van,diesel,1926,2475,15,605.1,90.2,7.2,mixed,low,10.8,1805,463.0,108.391,synthetic
bus,diesel,6978,8360,15,346.0,93.8,110.9,highway,high,-2.7,1481,233.0,436.607,synthetic
van,petrol,2493,3852,8,796.5,106.9,16.3,urban,medium,26.6,926,477.1,273.038,synthetic
car,diesel,1431,1145,14,86.8,36.3,116.8,highway,high,13.7,15,167.4,19.24,synthetic
bus,petrol,5674,9065,9,685.9,73.5,8.4,mixed,medium,40.4,3257,506.6,449.485,synthetic
van,diesel,2317,2882,13,389.2,58.4,110.3,mixed,high,-3.3,1610,367.9,173.746,synthetic
car,diesel,1130,1568,3,663.4,50.1,20.6,mixed,medium,-3.0,363,753.1,87.292,synthetic
car,petrol,1002,1022,2,655.5,70.9,7.6,highway,medium,42.5,5,504.2,48.268,synthetic
truck,diesel,4624,9042,5,733.6,90.4,35.8,urban,medium,43.2,12450,534.3,742.692,synthetic
van,diesel,3223,2334,0,245.3,22.1,3.8,mixed,low,-3.6,1899,726.9,78.541,synthetic
van,diesel,2773,3982,4,760.3,107.2,22.2,highway,high,30.8,524,409.7,258.246,synthetic
truck,diesel,5998,7961,15,129.8,92.9,9.8,urban,medium,6.1,5867,79.2,137.104,synthetic
truck,diesel,4217,13633,14,74.8,87.6,28.1,urban,medium,30.1,9939,48.3,63.613,synthetic
car,petrol,1421,1725,6,351.0,88.4,117.8,mixed,high,38.4,248,282.4,79.946,synthetic
car,diesel,1240,947,1,664.4,55.0,31.1,mixed,high,0.0,58,802.9,92.881,synthetic
car,petrol,1246,1771,9,384.0,87.6,21.2,highway,medium,6.9,44,282.8,47.74,synthetic
truck,diesel,4213,19212,8,665.1,54.8,38.1,mixed,high,-3.8,11940,725.8,714.859,synthetic
car,petrol,2189,1685,11,586.5,100.9,11.2,urban,low,-2.8,78,359.2,137.678,synthetic
van,diesel,3340,2272,14,175.4,36.0,1.8,highway,low,-3.5,596,271.4,46.391,synthetic
truck,diesel,5938,14511,5,759.6,46.3,13.4,highway,medium,35.0,12633,1180.4,727.118,synthetic
truck,diesel,4081,16413,1,58.0,69.6,11.9,urban,medium,9.9,9570,56.3,43.358,synthetic
car,petrol,2322,1786,7,719.6,48.7,24.3,highway,medium,19.7,302,962.7,153.785,synthetic
truck,diesel,4321,7706,7,250.5,58.2,35.6,mixed,medium,34.4,7711,278.1,159.033,synthetic
car,petrol,1169,1566,0,405.1,64.3,22.9,highway,medium,19.7,284,397.3,37.35,synthetic
truck,petrol,5675,10082,11,343.7,97.1,25.8,highway,high,16.5,9425,207.6,337.71,synthetic
car,petrol,1954,976,0,145.7,67.1,24.7,highway,medium,-4.4,484,126.2,21.653,synthetic
car,diesel,1247,1221,0,292.9,52.6,99.8,highway,high,23.4,111,355.7,42.717,synthetic
truck,diesel,4575,16908,11,162.4,42.3,33.2,urban,high,1.2,4004,212.2,176.522,synthetic
car,diesel,1431,1265,3,171.1,56.8,1.1,urban,low,33.2,29,166.7,22.343,synthetic
car,diesel,2105,1338,3,157.8,66.4,2.8,mixed,low,7.9,329,152.3,25.729,synthetic
truck,diesel,4634,19927,15,396.3,87.2,31.1,mixed,medium,28.7,8687,320.9,368.305,synthetic
truck,diesel,5973,10987,7,640.4,30.9,79.2,mixed,high,27.3,2557,1460.4,830.393,synthetic
van,petrol,1893,3154,0,459.5,39.9,8.1,highway,low,25.8,1038,623.4,62.85,synthetic
van,diesel,2404,2604,9,715.6,54.2,3.7,mixed,low,8.3,611,738.9,152.852,synthetic
van,diesel,2619,2664,2,512.9,52.4,53.2,urban,high,8.4,962,630.8,224.723,synthetic
car,petrol,1755,1496,10,554.6,55.3,38.8,urban,medium,38.2,476,695.2,125.268,synthetic
car,diesel,1474,1738,0,537.4,91.4,3.6,urban,low,-4.4,342,418.4,77.199,synthetic
car,diesel,2094,1342,8,365.1,49.2,13.5,highway,low,4.1,4,515.9,55.789,synthetic
bus,diesel,6624,15684,9,554.6,65.2,78.1,mixed,high,25.5,1636,563.3,730.01,synthetic
van,diesel,3396,1996,11,65.1,76.2,32.3,highway,high,35.9,224,49.2,23.272,synthetic
van,diesel,3169,2265,8,689.3,40.9,7.0,urban,low,12.9,1844,932.2,249.604,synthetic
van,diesel,3246,2905,6,624.5,84.7,38.2,highway,medium,27.7,1280,404.5,190.535,synthetic
bus,petrol,5652,8200,15,203.7,69.2,61.9,mixed,high,22.9,4973,191.3,197.271,synthetic
car,petrol,2239,1053,12,616.7,60.2,106.3,mixed,high,-1.8,367,559.8,207.563,synthetic
van,diesel,2316,2938,11,20.0,92.9,45.6,highway,high,26.1,1391,14.5,6.066,synthetic
van,diesel,2477,1833,14,181.6,41.9,25.0,mixed,medium,35.7,2051,289.6,57.509,synthetic
van,petrol,2339,2382,7,61.5,99.5,104.4,mixed,high,44.6,1821,34.2,25.858,synthetic
car,petrol,1701,1314,0,626.4,70.5,37.2,urban,medium,-3.5,122,624.8,115.083,synthetic
truck,diesel,4214,13597,4,607.1,74.8,7.3,urban,low,28.0,8424,514.4,369.362,synthetic
bus,diesel,6885,17258,14,652.8,98.8,27.4,urban,medium,15.7,3002,464.6,822.17,synthetic
van,diesel,2332,3220,13,13.5,93.6,5.1,highway,medium,-4.5,1238,10.2,2.97,synthetic
van,diesel,1967,2712,1,406.0,74.1,45.3,mixed,high,25.7,612,315.1,90.778,synthetic
bus,diesel,5580,17304,15,566.8,87.8,4.2,urban,low,1.1,1505,392.9,440.137,synthetic
truck,diesel,3643,16773,12,132.8,59.0,29.3,urban,high,13.9,4935,127.0,105.976,synthetic
car,diesel,1166,1000,0,523.3,69.3,4.2,mixed,low,8.1,5,513.4,46.222,synthetic
van,petrol,2173,2088,2,76.4,25.6,16.2,highway,medium,13.1,2309,188.5,16.561,synthetic
van,petrol,2589,3287,6,153.2,28.1,14.5,highway,low,19.6,1778,385.8,33.873,synthetic
van,diesel,2537,3032,0,385.9,94.6,28.4,highway,medium,13.0,1786,235.4,85.616,synthetic
truck,petrol,5499,16845,10,526.3,25.4,19.9,highway,medium,22.6,9013,1377.3,501.973,synthetic
bus,diesel,6218,15388,1,125.2,35.2,39.6,highway,medium,6.9,3602,255.1,109.179,synthetic
bus,diesel,5279,14252,1,156.3,91.6,2.3,mixed,low,26.8,4918,112.6,94.455,synthetic
van,diesel,2367,3970,3,171.5,20.1,21.7,highway,medium,37.7,1086,471.3,39.78,synthetic
car,petrol,1475,1334,14,198.6,45.4,84.7,mixed,high,6.2,356,282.4,44.715,synthetic
bus,diesel,6322,9131,11,189.0,72.6,6.9,highway,medium,20.4,2118,149.1,108.672,synthetic
truck,diesel,3630,17424,2,322.2,73.6,10.8,urban,low,27.4,12960,238.8,208.244,synthetic
car,petrol,1019,1052,2,526.5,89.9,1.5,mixed,low,23.2,429,351.4,42.935,synthetic
bus,diesel,6387,15773,9,356.0,65.5,34.0,highway,high,13.3,4560,319.4,309.732,synthetic
truck,diesel,4693,19357,4,623.0,65.8,10.6,mixed,medium,27.1,1076,645.3,357.709,synthetic
van,diesel,2022,3333,2,578.2,85.3,13.9,mixed,low,-3.6,886,411.8,99.411,synthetic
van,diesel,2200,3111,10,110.0,64.9,88.3,urban,high,13.5,508,113.9,41.425,synthetic
car,diesel,2399,1260,6,48.6,74.8,27.9,highway,medium,21.6,227,35.3,9.926,synthetic
car,diesel,2289,1164,4,703.6,100.8,8.3,mixed,low,-4.0,248,378.8,148.672,synthetic
car,petrol,2065,1153,3,73.1,56.1,49.3,mixed,high,20.4,128,71.0,19.814,synthetic
truck,diesel,4706,14546,11,127.2,54.7,26.7,highway,medium,27.7,11128,134.8,92.638,synthetic
car,petrol,1780,1551,2,27.5,20.3,19.4,urban,medium,33.0,135,82.1,6.73,synthetic
car,diesel,2463,1479,14,506.4,75.2,10.1,highway,medium,0.7,427,437.3,101.385,synthetic
car,petrol,2449,998,11,470.1,22.7,89.0,highway,high,44.5,89,1487.1,169.884,synthetic
van,diesel,2166,2887,3,789.7,65.4,1.9,mixed,low,25.3,1045,729.3,131.853,synthetic
bus,diesel,6433,15916,13,710.7,92.4,2.9,urban,low,13.2,3300,423.1,650.837,synthetic
car,petrol,1296,1276,14,334.6,69.5,12.3,highway,low,7.5,303,276.9,28.387,synthetic
car,petrol,1320,1337,11,303.6,44.3,86.0,urban,high,23.6,39,481.1,72.331,synthetic
truck,diesel,5190,16567,1,244.5,90.8,27.1,highway,medium,39.1,12848,179.4,221.613,synthetic
van,diesel,2489,3255,0,130.4,44.3,19.6,highway,medium,21.0,1576,200.9,27.86,synthetic
car,petrol,2397,1209,2,119.1,86.0,5.9,urban,low,28.1,435,77.9,24.889,synthetic
van,petrol,1951,3770,15,114.5,74.9,29.2,urban,medium,12.9,2196,86.2,28.609,synthetic
car,diesel,1767,963,10,100.2,35.3,94.0,highway,high,14.4,273,158.9,28.259,synthetic
car,petrol,2378,1796,1,200.0,101.5,22.9,highway,medium,9.3,455,136.9,43.95,synthetic
van,diesel,3337,2061,15,252.3,38.1,116.9,urban,high,30.3,2151,383.0,193.404,synthetic
van,diesel,2066,1833,0,769.6,109.1,38.4,mixed,medium,13.0,2404,462.8,197.85,synthetic
bus,petrol,5100,16900,0,467.0,20.7,61.2,mixed,high,4.5,4327,1430.8,537.398,synthetic
car,petrol,1929,1045,1,790.2,43.7,12.3,highway,low,13.5,411,1153.3,105.967,synthetic
van,petrol,2071,3405,12,304.2,38.0,24.0,urban,medium,37.7,1280,460.7,88.65,synthetic
van,petrol,3446,3584,12,371.5,21.3,71.2,mixed,high,31.9,688,1143.5,225.716,synthetic
car,petrol,2372,1659,8,266.4,85.9,25.5,urban,high,11.7,455,169.9,88.501,synthetic
van,diesel,2084,3982,12,154.5,82.4,8.6,mixed,low,40.3,1862,134.7,30.021,synthetic
car,petrol,1182,1094,12,123.1,91.3,36.5,mixed,medium,-1.3,141,73.4,16.931,synthetic
bus,diesel,4256,15102,4,756.6,43.1,11.7,highway,low,-2.5,2034,963.7,301.868,synthetic
car,petrol,2364,915,8,789.6,60.0,98.6,highway,high,1.4,343,787.7,271.804,synthetic
van,petrol,2129,2695,7,45.5,79.3,10.6,highway,medium,0.8,1299,39.5,8.668,synthetic
car,diesel,1624,1648,12,128.8,59.6,17.5,highway,medium,-0.6,41,126.7,16.903,synthetic
bus,diesel,5347,11677,15,344.6,82.8,3.5,mixed,low,28.1,1137,260.2,164.881,synthetic
van,petrol,2818,3100,10,157.2,77.1,51.6,mixed,high,25.0,1915,110.8,60.372,synthetic
van,diesel,1922,2908,5,297.5,30.3,25.3,highway,medium,27.4,956,543.7,58.901,synthetic
car,petrol,1340,1446,0,112.0,90.3,5.5,urban,low,29.4,254,80.5,14.4,synthetic
truck,diesel,5829,19593,9,370.6,84.9,24.6,urban,medium,32.8,11733,251.1,493.942,synthetic
car,petrol,2363,856,4,224.6,79.0,6.6,urban,low,5.4,376,189.0,47.635,synthetic
truck,petrol,5453,13609,11,288.0,34.0,15.0,urban,medium,26.1,3338,577.9,261.273,synthetic
car,diesel,1029,1663,0,84.5,44.1,29.5,mixed,high,24.0,49,132.7,10.314,synthetic
car,petrol,1491,1281,6,348.2,55.4,109.2,highway,high,42.2,296,354.6,66.172,synthetic
car,petrol,1942,879,9,786.8,45.2,5.4,highway,medium,6.6,371,1082.8,127.899,synthetic
van,diesel,2268,3033,13,269.8,40.5,20.2,highway,high,-2.1,543,473.2,77.122,synthetic
van,diesel,3346,2531,10,702.4,92.5,33.9,urban,medium,27.7,1055,515.7,308.323,synthetic
car,diesel,1951,955,7,676.1,77.4,15.0,highway,low,32.0,435,489.8,94.336,synthetic
truck,diesel,3680,17736,7,762.1,70.9,92.7,urban,high,9.2,14219,677.8,952.288,synthetic
van,petrol,3345,2948,6,634.2,40.3,5.5,urban,medium,23.5,1244,1110.1,249.697,synthetic
van,diesel,3428,3853,1,531.1,102.6,12.9,mixed,medium,-2.0,383,320.4,188.962,synthetic
van,diesel,1932,3573,4,686.7,37.2,117.2,urban,high,43.0,793,1274.9,301.692,synthetic
van,diesel,2705,3325,3,69.8,91.5,12.1,highway,low,0.5,736,48.0,13.741,synthetic
van,diesel,2316,1811,4,375.6,107.0,76.7,mixed,high,-1.6,750,196.3,140.775,synthetic
car,petrol,1589,1228,9,791.5,85.4,43.7,mixed,high,-2.8,247,524.9,184.93,synthetic
car,diesel,1269,997,8,618.0,109.4,5.5,highway,medium,16.4,292,309.9,73.233,synthetic
truck,diesel,4945,18662,14,770.0,78.6,0.3,highway,low,-0.1,2715,563.5,379.463,synthetic
bus,diesel,6874,9746,3,625.9,39.6,26.4,mixed,medium,32.2,4502,1108.6,639.21,synthetic
car,petrol,1755,1086,15,701.2,38.3,0.3,highway,low,39.9,310,1201.5,95.475,synthetic
car,petrol,1124,1317,14,568.2,49.2,39.8,highway,medium,8.0,299,777.0,66.163,synthetic
van,diesel,2854,2379,14,610.8,20.6,38.3,urban,high,26.4,2471,1929.0,309.387,synthetic
van,petrol,2378,2262,11,423.3,81.4,29.9,highway,medium,-2.9,1645,317.2,97.118,synthetic
car,petrol,2284,1399,7,740.1,44.2,10.4,highway,medium,14.3,464,970.1,130.851,synthetic
car,petrol,1652,889,7,661.8,93.4,23.9,urban,medium,9.6,143,500.8,135.421,synthetic
truck,diesel,3982,5873,1,676.7,52.3,7.8,mixed,medium,6.4,4362,818.2,312.231,synthetic
van,petrol,2125,2619,13,541.7,63.2,96.7,mixed,high,27.2,1388,537.1,198.194,synthetic
car,petrol,2153,1521,5,250.6,106.9,25.5,mixed,medium,1.5,254,168.6,63.283,synthetic
car,petrol,1398,1355,4,38.1,41.8,28.6,highway,high,38.0,113,55.6,5.608,synthetic
car,petrol,2151,1223,1,749.2,84.9,34.7,highway,medium,28.2,350,612.1,134.961,synthetic
van,petrol,2150,3045,11,473.0,88.0,24.1,mixed,medium,30.5,268,373.9,112.71,synthetic
car,diesel,1483,1165,9,245.5,39.9,13.8,urban,low,41.8,345,358.2,38.627,synthetic
car,petrol,1698,1736,3,127.8,65.1,37.1,highway,medium,42.1,229,109.4,18.502,synthetic
truck,petrol,5858,5824,6,665.3,51.5,37.2,highway,medium,22.6,10646,924.2,565.796,synthetic
car,diesel,2398,1473,12,670.9,89.5,1.2,highway,low,19.8,239,462.4,109.715,synthetic
van,petrol,2152,3761,0,653.5,76.0,32.1,urban,high,11.8,2448,464.5,206.179,synthetic
car,petrol,1537,1604,14,519.6,62.8,39.6,highway,medium,30.8,167,520.8,72.091,synthetic
car,petrol,1224,984,15,299.2,90.1,68.8,mixed,high,21.9,491,216.2,63.235,synthetic
car,petrol,1765,1096,8,250.2,41.2,3.6,highway,low,41.6,32,413.2,33.582,synthetic
truck,diesel,4651,15756,9,16.8,87.8,31.9,mixed,medium,6.9,10573,13.5,15.57,synthetic
truck,diesel,5752,6264,11,668.5,97.9,4.0,mixed,low,10.5,7359,481.3,491.547,synthetic
truck,diesel,5825,17178,0,79.1,99.1,10.9,urban,low,10.8,12510,56.6,89.897,synthetic
car,petrol,1575,1519,14,508.3,90.5,103.7,mixed,high,35.3,395,306.4,138.417,synthetic
van,petrol,2636,3405,11,408.2,56.7,11.8,mixed,low,-0.0,2040,480.8,105.567,synthetic
car,diesel,2344,900,4,426.1,108.4,14.6,highway,medium,17.8,47,228.3,81.661,synthetic
car,petrol,2210,1518,6,742.1,54.2,6.0,highway,low,16.4,411,786.1,115.932,synthetic
truck,diesel,3509,15197,7,35.0,77.5,19.5,urban,medium,-1.3,3997,30.9,19.914,synthetic
car,petrol,1480,1631,1,621.0,34.5,69.1,urban,high,15.5,13,1107.2,161.433,synthetic
car,diesel,1633,842,3,51.1,108.2,10.9,urban,medium,20.7,109,33.3,9.918,synthetic
car,petrol,1345,823,1,40.1,83.4,20.8,urban,medium,-1.7,240,26.4,6.365,synthetic
car,petrol,1299,1173,3,349.6,87.8,22.9,urban,medium,20.5,371,272.5,55.121,synthetic
car,diesel,1057,949,14,59.8,25.9,73.2,urban,high,43.0,109,130.3,10.716,synthetic
van,diesel,2894,3028,5,633.4,88.7,33.7,urban,medium,43.9,460,408.3,234.523,synthetic
van,petrol,2246,3818,5,428.4,89.7,23.1,urban,medium,21.6,1686,298.8,113.534,synthetic
truck,diesel,3631,10872,11,32.9,80.5,13.1,mixed,medium,20.8,14775,25.0,21.395,synthetic
truck,diesel,4077,17674,12,42.0,46.3,86.3,urban,high,9.3,9412,57.0,54.612,synthetic
car,petrol,2203,800,1,494.0,64.1,32.9,mixed,medium,44.9,346,546.8,113.723,synthetic
car,petrol,2277,969,15,646.8,29.9,16.2,urban,medium,8.7,281,1422.3,202.838,synthetic
car,petrol,1725,830,10,355.9,62.4,27.6,urban,medium,17.6,391,337.5,70.466,synthetic
van,diesel,2507,2522,3,448.1,41.9,2.2,urban,low,-4.9,2444,610.2,130.821,synthetic
car,petrol,2467,1708,3,641.9,51.4,17.0,highway,medium,12.5,272,768.5,130.09,synthetic
van,diesel,2141,2013,13,492.3,34.6,36.8,mixed,medium,-1.4,1159,883.1,133.09,synthetic
van,petrol,2166,3134,0,187.6,40.7,36.9,highway,medium,32.2,2179,298.7,42.079,synthetic
van,petrol,2296,2793,14,494.3,26.9,25.1,urban,medium,23.1,2430,1080.6,190.932,synthetic
van,diesel,2094,3865,13,506.3,102.8,10.5,highway,low,23.6,497,334.1,91.404,synthetic
car,diesel,1569,923,1,589.9,67.7,105.4,highway,high,9.3,289,485.7,113.231,synthetic
bus,diesel,6733,10120,13,500.5,55.7,115.9,mixed,high,35.7,4066,575.8,845.852,synthetic
truck,diesel,5038,5443,2,775.7,68.2,69.0,urban,high,-4.8,8467,742.4,813.838,synthetic
car,diesel,1618,1234,12,165.9,76.5,24.7,mixed,medium,11.7,205,125.1,26.051,synthetic
truck,petrol,5836,9167,14,761.4,103.0,19.5,highway,medium,28.0,10173,509.2,672.503,synthetic
van,diesel,1882,3714,10,435.3,36.1,27.2,highway,high,40.4,821,785.1,108.311,synthetic
truck,diesel,4026,14074,4,540.8,46.6,19.8,highway,medium,6.7,5888,761.6,267.419,synthetic
truck,diesel,4915,14211,10,88.6,107.8,32.7,urban,medium,22.1,14892,51.7,124.264,synthetic
van,petrol,2846,2970,7,310.7,53.4,100.5,mixed,high,21.9,1664,409.3,135.839,synthetic
car,petrol,1059,892,14,617.8,22.0,36.2,urban,medium,38.7,436,1864.6,98.828,synthetic
car,petrol,1605,1245,5,568.5,33.3,6.8,urban,medium,-2.5,404,1039.5,114.654,synthetic
van,petrol,2904,3999,2,41.7,22.4,7.9,mixed,low,16.2,1700,108.7,11.692,synthetic
van,petrol,2987,3638,5,441.8,109.1,1.6,highway,low,4.1,2134,223.9,108.057,synthetic
car,petrol,1957,1693,6,79.7,45.1,3.0,urban,low,-3.9,144,100.7,16.447,synthetic
car,diesel,1481,1623,5,796.7,103.1,110.0,urban,high,2.4,319,555.3,256.147,synthetic
truck,diesel,3734,6546,9,718.9,109.6,22.4,highway,medium,43.8,9268,402.1,347.969,synthetic
bus,diesel,5281,10274,5,26.7,74.0,31.5,highway,medium,5.7,3301,25.3,15.275,synthetic
van,diesel,2019,1807,0,688.3,23.0,26.4,highway,high,41.8,588,1708.9,160.864,synthetic
car,petrol,2421,1104,2,736.3,27.3,19.6,mixed,medium,5.3,139,1660.4,195.993,synthetic
car,petrol,1713,909,6,289.3,63.3,28.6,urban,medium,41.6,143,325.6,56.627,synthetic
car,petrol,1476,1273,3,578.4,56.6,2.0,mixed,low,27.7,301,569.0,61.995,synthetic
bus,diesel,6299,14771,11,359.3,74.6,52.6,urban,high,0.7,4876,311.7,545.595,synthetic
car,petrol,1747,1675,3,527.6,59.5,1.0,urban,low,24.1,477,625.6,87.94,synthetic
van,diesel,2327,3448,6,278.9,104.1,9.8,mixed,low,10.9,723,190.5,61.391,synthetic
car,diesel,2218,1739,8,264.8,68.1,14.6,mixed,low,14.2,152,269.1,45.912,synthetic
van,petrol,3274,1919,13,345.3,82.4,12.4,highway,low,17.0,283,290.7,80.448,synthetic
van,diesel,2944,1827,10,125.0,100.7,14.6,highway,low,16.1,1117,81.6,26.085,synthetic
truck,diesel,3617,14920,12,666.6,33.2,34.6,mixed,medium,28.2,12685,1163.2,536.699,synthetic
car,petrol,1849,1089,12,285.5,40.7,12.8,mixed,low,33.4,458,471.3,51.254,synthetic
car,petrol,2145,1054,14,326.1,29.7,25.2,mixed,medium,11.5,118,787.4,83.409,synthetic
car,diesel,1205,1131,1,716.3,32.6,7.8,urban,low,41.2,133,1395.9,88.773,synthetic
bus,diesel,4686,10698,8,402.3,66.1,6.1,highway,low,41.9,1494,357.1,154.823,synthetic
truck,diesel,5706,12672,2,440.0,48.9,33.6,highway,medium,-3.0,5901,578.6,316.367,synthetic
van,diesel,1834,2768,5,765.6,58.1,38.2,mixed,high,-4.3,2051,875.6,189.068,synthetic
van,diesel,3080,2927,3,710.5,108.4,25.6,urban,high,16.3,1688,378.4,358.091,synthetic
van,petrol,2605,3280,0,143.9,34.1,114.8,highway,high,24.5,2008,282.4,59.987,synthetic
car,diesel,1670,1187,8,383.8,68.7,5.1,mixed,medium,8.9,292,360.9,61.396,synthetic
bus,diesel,4021,10513,10,777.3,28.9,39.2,highway,medium,8.0,1660,1749.0,392.968,synthetic
van,diesel,3193,2166,14,304.2,48.7,30.5,mixed,medium,28.9,724,371.9,106.166,synthetic
car,diesel,1540,1149,5,303.5,67.5,16.5,urban,medium,25.1,5,255.5,49.334,synthetic
van,petrol,2719,3432,15,164.1,105.2,10.5,highway,low,3.4,1996,101.7,44.792,synthetic
car,petrol,2016,1557,7,100.3,55.2,33.6,highway,medium,39.2,424,117.3,17.499,synthetic
car,petrol,2054,1467,14,594.8,25.8,13.6,highway,medium,29.0,384,1383.1,125.921,synthetic
truck,diesel,5890,8510,14,618.3,54.9,32.0,urban,medium,13.1,2042,667.8,597.653,synthetic
car,petrol,1797,1388,1,775.5,33.1,33.2,urban,medium,29.2,381,1410.9,178.774,synthetic
van,diesel,2480,3056,6,621.0,40.7,3.7,highway,low,0.6,305,958.5,113.545,synthetic
car,petrol,2431,1284,5,202.2,75.6,6.5,mixed,medium,18.4,53,191.3,44.603,synthetic
car,petrol,1963,1350,1,41.7,26.1,3.1,highway,low,3.4,220,108.3,6.299,synthetic
car,petrol,1447,1292,15,788.5,61.8,40.1,highway,high,-2.9,238,884.2,132.351,synthetic
car,diesel,1190,1365,1,279.0,74.9,1.0,highway,low,11.9,408,235.2,22.962,synthetic
truck,diesel,5606,15733,3,256.5,58.0,10.9,highway,low,2.5,10513,280.8,174.051,synthetic
car,petrol,1543,910,3,725.7,21.7,58.0,mixed,high,26.7,77,1927.0,156.453,synthetic
van,diesel,2923,3449,15,472.2,108.7,36.0,highway,medium,28.7,720,291.0,152.603,synthetic
van,diesel,2600,2099,2,179.7,53.0,3.8,urban,low,2.4,857,208.7,46.309,synthetic
van,petrol,2138,1947,7,712.4,90.1,20.9,mixed,medium,-3.8,484,532.8,173.884,synthetic
bus,diesel,5805,17761,13,794.8,49.3,9.6,urban,low,34.6,1794,989.1,645.603,synthetic
truck,diesel,3652,19355,6,78.5,62.8,13.2,urban,low,-4.9,11200,70.0,50.793,synthetic
car,diesel,1620,860,1,691.2,55.0,7.9,mixed,low,12.2,121,718.3,81.67,synthetic
car,petrol,1820,1243,2,318.5,50.8,18.1,mixed,medium,19.7,418,429.9,58.012,synthetic
car,diesel,1654,986,9,424.0,22.0,106.7,highway,high,35.9,235,1132.2,126.635,synthetic
van,diesel,3073,2868,8,732.7,52.4,15.9,urban,medium,36.9,943,821.6,278.641,synthetic
car,petrol,2242,1630,12,779.0,100.1,7.8,mixed,medium,31.2,206,550.7,189.301,synthetic
van,diesel,3111,3891,4,217.1,82.1,6.7,urban,low,7.4,1832,174.0,68.381,synthetic
van,diesel,1866,3195,1,178.2,33.1,32.5,mixed,medium,31.0,1389,301.8,37.121,synthetic
car,diesel,1291,1154,2,73.6,73.2,23.1,mixed,high,7.3,4,56.9,10.563,synthetic
truck,diesel,4842,14050,7,453.8,100.3,8.8,mixed,low,5.7,13913,266.5,368.363,synthetic
car,petrol,2402,1112,3,20.7,83.0,79.4,highway,high,22.4,33,16.2,5.039,synthetic
car,petrol,2252,1710,13,335.4,33.4,37.5,highway,medium,28.9,469,678.7,85.232,synthetic
truck,diesel,5606,18056,1,68.0,98.1,48.6,urban,high,-2.3,1394,40.8,83.058,synthetic
van,petrol,2315,3028,1,330.1,47.1,14.8,highway,medium,-2.0,1973,487.9,71.158,synthetic
van,diesel,2530,2515,5,41.5,60.9,20.4,mixed,medium,34.2,1430,38.2,10.612,synthetic
van,diesel,2600,2445,7,669.8,67.4,55.7,urban,high,38.0,1363,574.2,282.601,synthetic
car,petrol,1236,833,6,175.7,96.5,93.6,urban,high,25.2,36,130.1,40.004,synthetic
truck,petrol,3578,17237,3,269.4,103.8,9.6,mixed,low,16.4,4342,146.4,126.413,synthetic
truck,diesel,5867,11756,1,697.3,103.7,95.9,urban,high,37.3,11886,470.8,1382.308,synthetic
van,diesel,2209,2515,8,599.6,20.7,12.3,urban,low,31.4,2250,1929.6,178.499,synthetic
car,diesel,1360,1271,3,183.0,103.0,13.8,highway,low,24.0,265,98.3,20.415,synthetic
van,diesel,1942,3601,8,66.8,24.9,20.1,urban,medium,11.0,1013,168.3,17.956,synthetic
car,petrol,2393,925,4,575.4,43.9,39.5,mixed,medium,4.9,30,829.8,147.282,synthetic
car,petrol,1870,1658,13,318.7,66.3,41.6,mixed,high,15.9,341,339.9,76.651,synthetic
bus,diesel,6001,16975,11,615.2,63.2,30.0,urban,medium,9.3,1753,599.5,572.525,synthetic
car,petrol,2367,1747,14,361.8,74.4,8.0,highway,low,12.0,28,301.6,57.689,synthetic
bus,diesel,5037,11975,11,283.3,63.2,33.6,mixed,medium,20.8,3496,251.4,199.14,synthetic
van,diesel,2857,2278,10,366.5,104.1,7.2,mixed,low,3.5,1317,230.6,107.347,synthetic
car,petrol,1058,1174,10,601.4,41.6,32.4,urban,medium,35.3,6,834.5,89.505,synthetic
van,petrol,2118,2532,13,722.8,44.7,37.6,mixed,medium,2.3,455,896.4,183.901,synthetic
truck,diesel,5578,7642,6,49.3,102.9,11.0,urban,low,19.0,10789,34.5,46.051,synthetic
truck,diesel,5417,14109,11,424.0,26.9,32.2,urban,medium,32.3,1891,927.5,428.29,synthetic
truck,diesel,4377,12149,15,35.9,74.9,7.4,mixed,medium,19.3,13123,27.1,26.597,synthetic
van,diesel,2441,3705,4,380.0,81.4,12.2,highway,medium,13.1,916,311.1,75.165,synthetic
van,diesel,2707,1871,14,709.4,65.5,39.1,urban,medium,18.7,404,745.0,230.421,synthetic
truck,diesel,3501,14658,1,295.7,82.5,10.4,highway,low,37.4,11637,197.7,128.025,synthetic
car,diesel,1362,1563,5,746.6,35.5,8.4,highway,low,44.5,262,1174.0,75.164,synthetic
van,diesel,2154,3471,15,508.2,96.7,5.5,urban,low,26.6,905,292.2,112.173,synthetic
car,petrol,1376,1686,6,748.0,32.6,0.7,highway,low,34.7,203,1258.3,77.215,synthetic
bus,diesel,6418,15290,13,608.2,56.1,17.9,urban,medium,-4.3,596,714.4,646.421,synthetic
bus,diesel,4839,17278,14,91.7,26.8,69.9,highway,high,39.0,3482,221.3,77.389,synthetic
car,petrol,1287,1133,10,192.6,69.1,12.4,mixed,medium,42.7,183,183.9,22.906,synthetic
truck,diesel,4761,12548,12,321.4,80.3,11.1,highway,medium,23.8,10997,252.6,218.971,synthetic
bus,diesel,6597,8141,5,144.4,104.7,22.8,mixed,medium,32.7,3327,94.8,118.008,synthetic
car,diesel,1362,807,12,401.0,86.5,25.5,urban,medium,20.6,326,295.8,66.204,synthetic
van,petrol,1934,2328,13,382.4,68.7,44.0,mixed,high,9.3,2024,392.6,95.623,synthetic
bus,diesel,5069,9008,2,765.4,103.9,78.7,mixed,high,37.6,3340,462.1,713.1,synthetic
car,petrol,2121,1060,9,352.6,63.1,36.5,highway,medium,24.8,209,381.6,63.26,synthetic
van,diesel,2736,2189,7,630.6,70.5,7.1,highway,low,24.0,1097,548.6,109.699,synthetic
car,petrol,2225,829,2,754.1,73.6,105.7,mixed,high,28.0,60,633.1,220.365,synthetic
bus,diesel,6879,17093,13,702.8,56.9,13.9,urban,low,37.8,4007,855.8,721.007,synthetic
bus,diesel,6378,8082,4,174.8,95.5,29.2,highway,high,31.6,3925,102.5,168.072,synthetic
bus,diesel,5811,15361,8,401.9,36.7,29.6,highway,high,5.6,1608,703.3,360.494,synthetic
van,petrol,2639,2135,10,284.7,69.9,7.1,urban,low,18.3,2184,273.1,78.272,synthetic
truck,diesel,3600,18683,4,325.9,85.0,78.8,mixed,high,44.0,9246,258.8,306.683,synthetic
truck,diesel,5961,18392,14,295.0,101.4,62.6,mixed,high,22.7,7702,188.2,429.787,synthetic
car,diesel,1575,1454,6,662.8,99.6,52.6,highway,high,41.9,9,413.2,127.187,synthetic
truck,diesel,3881,15084,10,367.2,65.8,27.4,urban,medium,35.7,6358,327.6,269.851,synthetic
car,diesel,2000,805,13,423.7,77.9,0.0,highway,low,28.3,320,382.8,59.494,synthetic
van,diesel,2283,3967,6,786.1,55.5,38.9,urban,medium,12.5,406,859.5,237.106,synthetic
car,petrol,1879,1678,4,57.4,62.1,13.1,mixed,medium,10.2,230,63.2,10.311,synthetic
car,diesel,1880,1695,15,395.5,101.6,13.8,mixed,low,27.2,497,212.5,80.789,synthetic
car,petrol,1669,1459,1,621.5,103.8,8.8,urban,medium,16.6,358,348.5,127.019,synthetic
van,petrol,3221,2559,4,129.4,100.6,13.3,highway,medium,34.9,1458,77.5,38.297,synthetic
car,diesel,1397,1694,6,493.1,32.5,3.5,urban,low,33.0,267,1004.2,72.41,synthetic
truck,diesel,4622,9373,6,199.2,96.5,39.9,mixed,medium,10.6,1613,123.3,117.539,synthetic
car,diesel,1807,1363,3,695.2,105.4,0.1,highway,low,30.1,479,361.3,102.093,synthetic
car,petrol,1995,900,0,268.4,52.5,27.4,highway,medium,19.7,464,292.0,48.1,synthetic
van,petrol,3133,3828,5,270.0,66.7,35.4,mixed,medium,11.2,1770,237.5,92.799,synthetic
truck,diesel,4487,7112,12,482.6,90.1,10.1,mixed,low,15.6,2386,306.1,250.422,synthetic
car,petrol,1969,1025,14,155.0,70.6,56.3,mixed,high,39.8,104,126.6,41.326,synthetic
van,petrol,2056,3028,13,235.1,109.4,14.4,urban,low,13.0,623,145.7,56.718,synthetic
truck,diesel,5832,16461,2,339.1,61.0,36.3,urban,medium,9.4,8274,341.4,400.841,synthetic
van,diesel,2451,3163,10,289.4,84.3,63.4,urban,high,12.6,678,210.5,124.146,synthetic
car,petrol,2094,1032,4,424.7,91.3,77.3,mixed,high,5.7,348,332.0,135.295,synthetic
car,petrol,1031,801,3,483.7,64.5,14.5,mixed,low,22.2,273,465.5,35.813,synthetic
truck,petrol,4013,16357,14,457.7,97.1,118.3,mixed,high,2.4,1247,333.1,414.712,synthetic
car,petrol,1731,1785,12,526.8,69.2,65.0,highway,high,35.9,372,452.4,112.545,synthetic
truck,petrol,5696,17149,1,253.1,57.0,34.7,mixed,medium,6.3,3644,271.6,226.95,synthetic
van,petrol,2696,2812,11,109.9,29.7,15.6,urban,medium,24.9,2097,226.1,45.791,synthetic
bus,diesel,6790,17038,14,611.0,55.4,5.6,highway,low,1.3,2098,703.9,458.893,synthetic
truck,diesel,4709,11148,6,682.1,86.1,10.8,highway,medium,43.9,5741,511.4,389.34,synthetic
bus,diesel,5471,13249,13,213.0,102.9,12.3,mixed,medium,17.7,553,121.0,157.611,synthetic
car,petrol,1180,1277,4,331.6,42.7,85.7,urban,high,36.1,494,530.9,67.805,synthetic
truck,diesel,5507,11714,14,403.9,52.0,22.9,mixed,medium,33.4,9568,489.1,373.438,synthetic
van,diesel,2220,3505,13,431.3,33.9,13.1,mixed,medium,30.7,1172,689.6,103.089,synthetic
van,petrol,3329,2959,6,531.0,82.2,6.0,highway,low,36.4,422,417.8,123.221,synthetic
van,petrol,3348,2497,8,42.9,106.4,5.6,mixed,low,0.0,1808,27.5,12.861,synthetic
truck,diesel,5858,8872,3,580.0,77.7,14.8,highway,low,28.9,4958,436.8,321.41,synthetic
bus,diesel,5561,8377,4,59.0,75.5,12.8,urban,low,8.3,4947,42.7,41.217,synthetic
truck,diesel,5193,13748,8,379.9,69.8,18.6,urban,medium,34.3,14308,373.0,366.207,synthetic
van,diesel,3123,2306,12,663.9,28.0,111.4,mixed,high,42.8,1891,1699.3,416.43,synthetic
van,petrol,2023,2126,9,366.5,85.7,17.0,urban,medium,40.1,2433,236.9,107.152,synthetic
truck,diesel,5002,14807,10,127.8,74.2,28.4,mixed,medium,0.7,2479,122.1,86.091,synthetic
car,petrol,1051,1481,15,788.2,79.5,38.8,mixed,medium,13.5,140,599.2,86.29,synthetic
car,diesel,1746,1552,13,712.5,100.9,18.7,urban,medium,13.2,127,501.0,147.592,synthetic
car,diesel,1232,1304,12,619.3,90.6,28.8,urban,medium,1.1,36,449.2,90.202,synthetic
car,diesel,1274,1694,3,335.1,90.3,15.4,mixed,medium,-0.1,486,259.9,44.506,synthetic
car,petrol,1548,1736,4,155.2,103.4,14.3,highway,medium,14.2,30,102.3,20.647,synthetic
car,diesel,1649,1607,12,753.7,109.1,8.6,mixed,low,44.6,428,376.6,119.833,synthetic
car,petrol,1935,1436,4,430.6,72.3,14.7,mixed,low,23.4,384,328.5,63.406,synthetic
car,petrol,1112,1104,7,683.4,29.8,20.9,highway,medium,26.1,188,1455.3,70.61,synthetic
bus,diesel,5511,17829,14,280.3,61.3,113.8,mixed,high,18.6,585,257.5,300.482,synthetic
van,diesel,2110,2403,12,274.9,90.9,37.0,highway,medium,28.1,214,188.4,56.977,synthetic
car,petrol,1861,1003,14,788.6,22.5,45.4,mixed,high,42.8,102,2495.3,213.748,synthetic
van,diesel,2884,2773,3,422.2,25.1,19.1,highway,medium,24.4,1336,996.9,115.887,synthetic
car,diesel,1835,857,3,121.1,26.0,27.5,mixed,medium,-1.7,229,292.1,26.868,synthetic
bus,diesel,6215,17785,12,183.5,85.8,23.1,urban,medium,19.6,3134,130.3,201.093,synthetic
truck,diesel,4339,13827,6,390.7,65.1,29.6,mixed,high,44.6,11807,392.1,365.083,synthetic
car,petrol,2148,1357,10,43.6,53.2,14.9,highway,low,14.4,189,47.1,7.613,synthetic
van,petrol,2536,3243,4,375.4,29.5,31.3,highway,medium,24.7,569,746.6,94.994,synthetic
truck,diesel,4710,12455,5,341.0,85.9,6.6,highway,low,0.3,12201,275.7,196.849,synthetic
bus,diesel,5944,8321,5,625.7,48.9,26.6,mixed,medium,2.1,1997,877.9,462.98,synthetic
van,diesel,1831,3147,11,290.4,43.9,28.8,highway,high,38.7,860,451.4,61.896,synthetic
van,diesel,2912,3376,15,786.2,78.7,22.3,mixed,medium,10.0,1958,678.0,248.711,synthetic
car,petrol,1928,1217,5,152.8,70.3,37.6,mixed,medium,10.3,467,135.3,29.291,synthetic
bus,diesel,4930,15573,13,476.9,52.6,109.7,mixed,high,14.4,4617,608.3,573.75,synthetic
car,petrol,1129,1027,9,80.9,77.7,16.8,highway,medium,43.3,69,63.4,7.674,synthetic
bus,diesel,4273,10213,4,589.8,44.4,23.6,mixed,medium,-0.8,2764,741.2,339.37,synthetic
van,diesel,3369,2155,12,795.9,91.5,89.7,highway,high,35.9,414,531.1,386.543,synthetic
van,diesel,2972,2618,12,657.1,40.6,16.9,mixed,medium,12.1,2410,919.3,236.749,synthetic
van,petrol,2016,3663,4,449.0,34.3,7.3,mixed,medium,37.5,695,799.1,96.924,synthetic
car,petrol,1535,1628,8,392.9,90.4,7.6,highway,low,44.6,99,257.9,42.197,synthetic
car,petrol,1889,1183,12,669.7,83.7,9.0,highway,low,12.4,444,518.3,84.58,synthetic
car,petrol,2253,1389,7,749.4,36.4,5.2,urban,medium,1.5,484,1244.5,224.376,synthetic
car,petrol,1065,1521,14,791.5,30.5,8.3,urban,medium,2.2,349,1733.0,109.05,synthetic
truck,diesel,4092,8618,3,323.3,95.5,40.7,mixed,high,32.9,2694,214.1,202.158,synthetic
car,petrol,2335,968,6,792.8,89.9,54.8,urban,high,2.2,243,622.2,291.049,synthetic
car,petrol,1014,1772,7,133.2,49.5,74.1,mixed,high,8.0,408,149.8,19.794,synthetic
bus,diesel,4604,14176,11,210.3,79.2,15.3,urban,medium,5.2,3076,176.2,164.766,synthetic
truck,diesel,5898,19721,8,80.3,31.2,47.6,mixed,high,12.8,2856,170.3,97.863,synthetic
bus,diesel,5840,11378,4,224.7,65.6,35.4,mixed,medium,-1.3,1273,243.4,181.419,synthetic
bus,diesel,4785,15030,2,616.7,21.7,10.1,mixed,medium,37.8,4389,1725.8,459.761,synthetic
car,diesel,1100,1023,14,683.8,55.2,22.3,highway,medium,38.0,264,736.5,74.52,synthetic
car,diesel,1042,1061,12,625.3,26.7,14.3,urban,low,15.6,353,1335.6,78.648,synthetic
truck,diesel,4112,12679,3,508.5,62.8,9.4,highway,low,25.6,6223,476.2,204.545,synthetic
van,petrol,3299,2503,14,416.0,58.0,91.7,highway,high,27.1,1425,452.5,205.305,synthetic
car,petrol,1624,968,9,569.9,60.0,20.1,urban,medium,32.5,489,656.2,114.204,synthetic
truck,diesel,5301,8943,5,318.8,24.1,5.7,mixed,medium,21.0,5616,782.6,251.616,synthetic
car,petrol,2377,836,9,674.6,52.5,27.6,highway,medium,20.5,337,729.8,157.138,synthetic
car,petrol,1612,1504,10,545.0,88.1,83.2,urban,high,26.6,86,364.4,150.173,synthetic
van,diesel,2125,2883,4,561.3,53.2,8.9,urban,medium,30.2,480,588.8,130.303,synthetic
van,petrol,2679,2007,8,433.4,84.4,21.2,highway,medium,12.3,2002,363.1,103.638,synthetic
van,diesel,3344,2178,12,709.3,53.3,13.7,urban,low,11.5,2141,928.5,290.668,synthetic
car,diesel,2207,903,10,209.1,58.1,3.1,mixed,low,8.5,334,214.4,40.407,synthetic
truck,diesel,3665,14189,10,311.1,70.8,66.1,highway,high,22.4,3215,257.0,165.858,synthetic
car,petrol,2039,894,13,624.3,105.6,21.1,mixed,medium,13.0,120,415.8,126.989,synthetic
car,diesel,1858,1554,2,399.3,29.8,33.4,urban,medium,22.0,456,724.0,97.511,synthetic
truck,diesel,5769,5308,1,712.5,23.0,33.9,mixed,medium,15.3,5042,2011.0,572.278,synthetic
bus,diesel,4367,10494,5,283.7,74.7,95.9,highway,high,36.8,4185,267.6,195.483,synthetic
truck,diesel,4835,18360,12,301.8,105.4,17.8,mixed,medium,-1.3,5003,180.8,241.654,synthetic
truck,petrol,5699,15778,6,712.1,109.1,7.5,highway,medium,23.6,14152,352.9,633.027,synthetic
van,petrol,2497,1961,4,376.9,63.6,17.2,urban,medium,23.8,2303,343.4,121.648,synthetic
van,petrol,2619,3606,0,417.7,62.1,10.2,highway,low,14.2,300,474.7,71.243,synthetic
car,diesel,1106,1293,2,272.9,78.0,90.3,mixed,high,16.1,385,189.9,45.036,synthetic
van,petrol,2273,3663,2,228.6,70.0,116.5,mixed,high,35.0,590,199.5,78.524,synthetic
car,petrol,1487,1401,11,528.2,77.1,65.4,highway,high,9.0,108,467.5,85.731,synthetic
car,petrol,2418,1482,13,104.7,98.7,83.2,highway,high,38.6,230,73.3,35.905,synthetic
truck,diesel,4207,19903,3,704.6,87.2,73.9,highway,high,39.8,9068,506.0,613.531,synthetic
van,diesel,2583,2311,13,625.6,64.7,10.3,highway,medium,27.5,949,562.4,134.681,synthetic
car,diesel,2007,1424,9,160.7,61.6,66.1,urban,high,33.6,288,169.1,52.186,synthetic
car,petrol,1243,1260,5,558.3,77.6,24.1,mixed,medium,25.6,85,422.8,63.417,synthetic
van,diesel,2627,1887,4,486.1,61.0,14.3,mixed,low,21.3,251,466.8,94.242,synthetic
car,petrol,2108,814,0,155.8,61.2,17.8,mixed,medium,43.3,286,174.5,30.422,synthetic
truck,diesel,5667,6788,14,225.8,21.5,118.0,mixed,high,9.1,8244,597.3,377.823,synthetic
van,diesel,2865,3228,5,333.1,35.7,24.0,highway,medium,2.7,1786,505.3,93.521,synthetic
van,petrol,2937,3048,13,562.4,64.0,44.2,urban,high,9.4,1695,528.1,274.188,synthetic
van,diesel,2015,3018,13,514.6,94.0,2.9,urban,low,25.7,2264,343.9,126.326,synthetic
truck,diesel,5864,5478,8,430.5,45.1,10.0,urban,medium,4.3,7433,636.8,415.945,synthetic
car,petrol,1199,1269,10,617.0,67.0,20.9,urban,medium,40.4,4,626.5,84.486,synthetic
van,diesel,3117,3834,0,608.8,51.0,0.3,mixed,low,15.6,1651,786.4,162.082,synthetic
van,petrol,2250,2675,7,498.1,29.4,6.7,mixed,low,37.5,1753,1104.7,108.819,synthetic
car,diesel,2400,1425,15,631.7,106.2,14.8,highway,low,7.5,261,392.3,120.839,synthetic
truck,diesel,5300,16697,7,274.1,96.9,87.0,highway,high,10.7,10650,166.5,323.721,synthetic
truck,diesel,5385,16759,2,706.2,27.1,11.4,mixed,low,-2.0,5530,1588.6,549.557,synthetic
van,diesel,2172,2942,15,495.8,84.8,1.8,mixed,low,7.9,542,380.7,99.198,synthetic
truck,diesel,4608,17869,14,659.7,51.3,7.1,highway,low,19.5,10304,709.8,413.83,synthetic
truck,diesel,5045,10871,12,441.6,109.5,15.0,mixed,medium,42.3,4433,239.1,339.282,synthetic
truck,diesel,5425,18330,8,182.6,47.2,36.3,mixed,medium,14.4,7388,237.1,189.785,synthetic
truck,diesel,3760,8603,10,438.5,41.5,11.3,urban,medium,27.0,7883,672.3,299.198,synthetic
van,petrol,3436,2416,12,303.2,71.1,21.1,highway,medium,16.4,1298,267.6,90.604,synthetic
van,diesel,3313,1917,12,561.0,95.2,8.8,mixed,low,-2.7,1576,394.6,150.942,synthetic
van,diesel,2260,3550,10,385.9,37.3,23.0,mixed,medium,20.2,268,646.3,95.872,synthetic
truck,diesel,5557,11256,7,670.5,83.8,103.0,highway,high,-1.7,14856,562.0,841.682,synthetic
car,petrol,1777,1029,2,545.7,25.5,3.5,mixed,low,39.2,358,1300.7,90.204,synthetic
truck,petrol,4655,8477,9,550.8,102.7,18.2,mixed,medium,32.7,6955,340.3,398.554,synthetic
truck,petrol,4286,18521,4,181.6,27.3,11.9,mixed,low,13.9,3679,359.5,99.583,synthetic
car,petrol,1871,1634,2,787.6,102.3,7.9,highway,low,27.0,40,458.8,108.136,synthetic
truck,diesel,5325,13303,4,674.9,64.2,19.1,mixed,medium,0.6,10411,732.0,534.718,synthetic
car,petrol,1616,1416,15,633.3,60.3,6.0,highway,medium,30.1,158,629.9,79.736,synthetic
car,petrol,1944,1274,8,270.9,107.6,11.3,urban,low,36.1,115,147.4,55.49,synthetic
truck,diesel,5248,10875,14,433.1,109.1,39.0,mixed,medium,36.1,6319,253.2,421.545,synthetic
car,petrol,2067,1715,11,118.3,78.5,82.0,urban,high,9.2,296,83.5,45.053,synthetic
truck,diesel,3630,6884,15,435.4,31.4,105.7,urban,high,8.2,10404,880.3,505.371,synthetic
truck,diesel,5649,11277,3,125.3,65.6,71.7,mixed,high,21.1,10032,113.6,157.142,synthetic
van,diesel,2579,2558,5,446.9,67.6,13.1,urban,medium,43.4,2186,402.4,137.291,synthetic
car,petrol,1394,1298,2,522.5,66.3,5.5,urban,medium,41.0,109,537.8,75.589,synthetic
car,petrol,1363,1258,2,318.3,71.3,27.9,highway,medium,13.0,318,294.4,34.131,synthetic
van,diesel,2621,2942,15,403.9,21.7,7.4,highway,low,34.0,433,1155.2,92.326,synthetic
bus,petrol,6660,9399,4,701.8,84.0,32.4,highway,medium,41.1,2966,537.9,525.957,synthetic
van,diesel,2443,2929,7,95.8,84.1,29.3,mixed,medium,8.0,1543,77.2,27.187,synthetic
car,petrol,2125,1042,13,635.5,30.4,14.8,mixed,low,36.5,108,1409.8,126.464,synthetic
van,petrol,1965,2206,7,144.9,71.3,71.0,mixed,high,8.4,1101,116.5,39.194,synthetic
van,petrol,2609,1943,2,39.0,71.2,6.4,highway,low,12.2,2103,32.6,7.516,synthetic
truck,diesel,5979,16440,7,156.6,81.4,15.0,mixed,medium,4.9,3078,115.9,128.455,synthetic
car,diesel,2156,1227,12,614.4,27.7,7.2,highway,low,20.4,217,1273.2,107.439,synthetic
truck,diesel,4026,14400,10,330.0,76.4,35.6,mixed,medium,37.2,14058,234.3,276.899,synthetic
van,diesel,2652,3401,12,699.3,45.3,0.6,urban,low,21.4,1359,882.6,196.003,synthetic
bus,diesel,4701,14793,7,424.5,65.6,14.7,highway,low,1.2,3763,443.4,192.535,synthetic
car,diesel,1614,1271,2,27.6,89.6,39.8,urban,medium,7.6,413,19.6,5.841,synthetic
van,petrol,3126,2653,9,576.2,83.5,25.9,highway,medium,23.1,669,415.0,171.013,synthetic
bus,diesel,6314,11760,14,97.1,30.7,16.6,mixed,medium,24.2,1482,205.4,75.78,synthetic
car,petrol,1342,1440,12,633.6,73.2,3.3,mixed,low,23.8,379,582.6,64.62,synthetic
bus,diesel,6767,12948,14,142.8,107.2,14.7,mixed,medium,-1.1,3890,80.4,144.938,synthetic
van,diesel,2807,3668,9,282.9,34.1,6.8,mixed,medium,32.7,338,517.5,87.258,synthetic
car,petrol,1570,1675,1,611.4,96.8,21.6,urban,medium,40.5,161,348.5,111.231,synthetic
car,diesel,1753,971,9,763.8,83.2,25.7,urban,high,20.5,199,594.2,193.193,synthetic
truck,diesel,5013,7044,1,303.4,89.7,30.1,mixed,medium,30.9,12607,204.5,254.714,synthetic
car,diesel,1840,1430,8,665.2,45.4,18.0,urban,medium,40.7,211,906.1,158.903,synthetic
van,petrol,2627,2463,6,160.7,45.9,39.9,highway,high,27.1,2330,215.7,53.946,synthetic
car,petrol,1757,819,15,647.7,101.5,74.5,mixed,high,28.7,498,417.0,189.31,synthetic
van,petrol,2100,3755,5,529.4,52.4,117.4,highway,high,31.1,1996,649.9,165.3,synthetic
car,petrol,2219,1027,15,162.3,25.7,29.3,highway,medium,8.0,333,389.4,38.162,synthetic
truck,diesel,4854,18939,15,249.0,74.1,22.2,highway,medium,24.1,6487,182.6,160.787,synthetic
bus,diesel,4393,15174,6,114.1,31.2,11.7,highway,low,37.1,802,238.1,46.307,synthetic
bus,diesel,6298,15627,7,312.5,91.7,30.8,highway,medium,9.8,3079,238.0,258.95,synthetic
truck,diesel,5831,8022,11,170.9,77.8,109.2,highway,high,39.9,6064,149.1,181.474,synthetic
car,petrol,2421,1034,0,518.8,98.7,12.2,urban,medium,26.0,175,376.6,132.204,synthetic
truck,diesel,4423,12819,7,795.7,90.6,105.9,highway,high,16.2,10628,496.0,817.973,synthetic
car,petrol,1203,972,2,19.5,30.1,15.5,highway,medium,26.2,232,37.6,2.053,synthetic
car,petrol,1778,1105,15,437.3,54.3,37.9,mixed,medium,15.1,376,513.1,78.484,synthetic
car,diesel,1169,1121,2,463.2,89.7,48.1,highway,high,36.9,199,300.7,55.199,synthetic
van,diesel,3388,2151,5,732.2,57.6,112.7,highway,high,19.1,547,694.8,318.74,synthetic
truck,diesel,3959,8078,3,409.7,107.5,116.4,urban,high,40.1,7459,233.4,480.671,synthetic
van,diesel,2230,3535,3,439.5,86.2,34.5,highway,high,20.5,2387,301.7,116.899,synthetic
van,diesel,2491,2168,3,382.6,21.4,39.1,highway,medium,28.0,2044,1050.6,109.098,synthetic
car,petrol,1575,828,9,222.4,99.2,8.0,urban,medium,44.9,103,159.6,43.985,synthetic
bus,diesel,6384,14294,8,54.3,29.1,41.9,mixed,high,2.3,2261,108.8,66.469,synthetic
van,diesel,2576,3947,7,332.8,32.6,20.5,urban,medium,31.8,2334,574.3,136.731,synthetic
van,diesel,2090,2529,2,51.5,86.1,14.9,mixed,low,1.9,485,33.7,9.611,synthetic
car,petrol,1401,919,0,444.9,97.8,22.1,urban,medium,36.9,127,311.5,75.07,synthetic
truck,diesel,4773,13556,0,252.8,68.3,24.3,urban,medium,24.8,4671,247.6,185.346,synthetic
van,petrol,2051,3794,0,431.5,46.0,10.4,highway,low,41.9,1513,528.3,67.464,synthetic
car,diesel,1917,1584,3,116.1,51.6,38.9,mixed,medium,38.3,205,130.3,23.804,synthetic
car,petrol,1849,1423,13,746.8,50.9,11.8,highway,low,-1.3,40,990.4,94.245,synthetic
van,diesel,3015,2493,5,716.7,49.4,12.8,urban,medium,1.9,1647,855.1,268.006,synthetic
van,petrol,3394,2992,3,160.1,41.9,50.3,urban,high,25.1,428,274.1,96.624,synthetic
car,petrol,2368,891,10,281.3,74.8,8.4,mixed,medium,20.9,303,239.7,61.397,synthetic
bus,diesel,6838,14789,10,494.7,101.0,84.4,mixed,high,3.4,2782,281.3,745.537,synthetic
car,petrol,1367,1525,2,85.6,47.6,11.3,mixed,medium,1.5,247,124.8,12.134,synthetic
van,petrol,2024,3923,7,290.1,36.8,45.7,highway,high,23.2,355,471.0,73.544,synthetic
bus,diesel,4907,10604,13,208.4,95.5,13.3,highway,low,-2.6,3376,129.2,101.375,synthetic
van,diesel,3322,1841,7,733.3,86.8,4.9,mixed,low,38.7,1192,506.2,212.185,synthetic
van,petrol,3452,3000,5,683.5,103.8,76.7,urban,high,35.4,1146,446.7,429.206,synthetic
car,petrol,2289,1507,8,468.1,34.9,59.8,urban,high,34.3,298,766.1,191.241,synthetic
car,petrol,1165,1590,11,421.1,33.0,1.1,mixed,low,-4.2,303,777.1,44.121,synthetic
bus,diesel,6842,9937,9,745.3,68.7,56.3,urban,high,-2.6,568,591.6,943.269,synthetic
van,diesel,2520,2376,0,746.6,75.3,19.3,mixed,medium,22.5,488,683.0,168.857,synthetic
truck,diesel,3523,12689,12,775.8,63.2,109.6,urban,high,44.7,4311,737.9,677.471,synthetic
car,petrol,1664,1131,7,109.0,73.9,16.4,urban,medium,12.1,339,86.3,19.838,synthetic
car,petrol,1069,1661,5,136.8,36.2,18.3,urban,medium,12.2,288,243.4,18.789,synthetic
car,diesel,1816,1274,0,544.6,63.2,32.4,mixed,medium,1.7,379,575.0,91.044,synthetic
van,diesel,2376,3559,3,437.7,79.2,31.6,urban,medium,28.7,1903,379.2,129.293,synthetic
car,petrol,1710,1381,4,24.6,58.9,32.9,urban,medium,27.3,427,25.1,5.013,synthetic
truck,diesel,5033,16596,6,59.0,81.2,38.4,mixed,medium,0.1,6275,49.9,52.241,synthetic
van,petrol,3277,2532,7,711.6,60.6,11.9,urban,low,18.4,994,732.3,203.213,synthetic
bus,diesel,5986,16314,8,696.4,50.0,6.1,urban,low,28.4,4240,777.1,613.114,synthetic
car,petrol,1651,1075,11,292.2,47.3,12.3,mixed,low,19.7,119,427.5,41.435,synthetic
truck,diesel,5549,13191,11,713.9,57.0,70.9,mixed,high,28.7,7456,800.1,846.975,synthetic
truck,diesel,5764,8210,5,479.0,22.1,14.7,highway,medium,35.8,3721,1406.9,321.518,synthetic
truck,diesel,3799,12133,9,646.7,80.2,50.3,urban,high,29.3,13794,571.7,666.4,synthetic
truck,diesel,4830,9773,8,347.7,96.1,42.4,mixed,high,25.8,6709,231.9,333.456,synthetic
truck,diesel,4211,9001,3,99.6,51.9,10.1,urban,medium,37.7,3975,103.8,59.522,synthetic
van,petrol,1880,3927,7,352.6,24.1,38.4,mixed,high,40.0,1792,1017.7,116.327,synthetic
car,petrol,2003,960,2,371.3,108.8,7.2,urban,medium,14.4,122,201.7,90.824,synthetic
car,petrol,2294,1587,3,445.2,43.7,13.3,mixed,low,3.7,472,641.7,91.459,synthetic
bus,diesel,4489,17842,9,93.4,31.4,37.6,highway,medium,35.9,2154,171.6,58.216,synthetic
van,petrol,3181,1844,3,793.2,53.3,25.5,highway,medium,5.7,1729,883.5,244.538,synthetic
truck,diesel,5633,15485,5,202.9,86.5,104.0,urban,high,41.4,5833,155.7,337.465,synthetic
van,diesel,3354,2356,14,166.9,46.5,11.4,urban,medium,-3.9,2057,221.7,72.832,synthetic
car,petrol,1398,840,8,426.2,71.7,13.5,highway,low,41.1,448,387.9,39.309,synthetic
car,petrol,2356,1203,5,434.4,57.4,22.7,highway,medium,24.5,394,520.8,87.549,synthetic
van,diesel,2345,3857,0,357.5,30.6,7.4,mixed,medium,33.7,2152,702.5,99.938,synthetic
van,petrol,2739,1826,4,619.8,49.7,2.1,urban,low,14.9,434,800.6,160.921,synthetic
car,diesel,1076,1388,8,418.2,85.2,15.8,urban,medium,44.6,462,333.6,51.934,synthetic
van,diesel,1875,2903,4,491.7,75.1,24.4,mixed,high,6.4,1636,437.9,113.594,synthetic
car,petrol,2081,1673,5,581.8,30.8,50.9,mixed,high,8.2,435,1204.3,191.846,synthetic
van,diesel,2556,1985,2,29.8,34.7,7.1,urban,medium,-2.4,1774,52.2,9.882,synthetic
car,petrol,1384,1482,7,460.8,77.7,13.3,urban,medium,42.0,101,363.9,66.909,synthetic
truck,petrol,3976,15202,9,708.5,93.2,4.0,urban,low,17.8,9534,469.7,474.847,synthetic
car,petrol,2005,1469,10,23.7,51.5,39.8,mixed,medium,28.7,45,27.8,5.456,synthetic
van,diesel,1801,3873,15,330.1,73.6,43.6,mixed,high,29.4,1800,298.7,83.687,synthetic
car,diesel,2209,1623,12,741.7,35.4,13.4,highway,medium,38.7,205,1180.1,164.535,synthetic
car,petrol,1119,842,3,289.0,48.0,10.3,highway,low,28.2,76,429.7,23.441,synthetic
car,petrol,1287,1271,3,372.4,21.8,105.9,highway,high,23.1,490,1160.7,70.58,synthetic
van,diesel,2457,2675,10,785.4,89.1,58.7,urban,high,30.5,2272,523.1,351.812,synthetic
van,petrol,2624,2482,11,167.5,56.1,35.6,urban,medium,32.5,2255,163.5,55.801,synthetic
car,diesel,1532,1251,4,61.6,93.5,5.1,mixed,low,4.3,394,44.0,8.462,synthetic
van,petrol,2345,2645,13,688.9,83.8,3.0,highway,low,0.5,1792,552.9,124.296,synthetic
truck,petrol,5910,11485,9,696.1,94.6,4.9,mixed,low,-1.3,10171,525.0,578.844,synthetic
truck,diesel,5104,19689,14,382.9,45.7,26.3,mixed,medium,13.7,2485,490.7,301.657,synthetic
car,petrol,1035,889,8,416.2,36.7,5.5,mixed,low,19.9,450,630.0,38.988,synthetic
van,petrol,2531,3829,12,670.3,107.5,87.3,highway,high,25.8,2227,439.5,254.512,synthetic
car,petrol,2313,1280,7,593.5,84.6,43.7,urban,high,42.9,374,411.7,200.746,synthetic
car,petrol,1452,1424,6,219.5,95.1,29.5,urban,medium,11.5,464,154.6,40.654,synthetic
bus,diesel,4284,16302,4,23.3,21.2,17.2,mixed,medium,33.0,2989,60.7,15.104,synthetic
car,petrol,2138,1160,8,389.0,51.9,21.0,urban,medium,21.6,224,507.3,100.002,synthetic
van,diesel,2830,2747,8,688.5,86.9,75.8,urban,high,6.0,2426,446.2,360.999,synthetic
van,diesel,2770,2701,9,717.7,27.0,88.6,urban,high,25.8,1268,1767.0,451.427,synthetic
truck,diesel,3634,10621,9,765.4,71.1,3.6,urban,low,43.4,9979,684.9,422.829,synthetic
van,diesel,2039,3836,1,704.9,58.6,12.5,mixed,low,1.2,1058,856.2,128.888,synthetic
car,petrol,1934,1629,3,468.2,21.6,92.2,highway,high,20.4,318,1185.8,124.798,synthetic
car,petrol,1312,909,7,361.2,41.2,13.2,urban,medium,-2.4,360,519.1,65.918,synthetic
van,diesel,2657,2038,15,622.1,45.6,14.6,highway,low,11.1,1637,753.3,136.315,synthetic
car,diesel,1817,1228,12,594.5,30.1,28.3,highway,medium,26.0,257,1380.5,103.901,synthetic
car,petrol,1425,899,13,435.1,76.8,65.2,mixed,high,37.1,150,366.3,88.494,synthetic
car,petrol,2423,1419,0,79.0,41.8,2.4,highway,low,31.5,322,120.2,13.428,synthetic
car,diesel,2264,944,12,741.6,45.0,73.3,highway,high,18.1,454,929.2,207.367,synthetic
car,petrol,2084,1322,14,369.9,100.8,2.5,mixed,low,40.5,3,230.4,77.98,synthetic
car,petrol,1117,807,4,297.0,62.0,62.9,mixed,high,10.1,67,292.9,44.674,synthetic
van,diesel,1980,2497,7,507.4,55.3,19.3,highway,medium,32.7,475,547.7,87.38,synthetic
van,petrol,2638,3290,1,542.3,85.1,30.2,urban,medium,18.7,2323,432.5,207.709,synthetic
truck,diesel,3902,12261,1,176.4,101.9,11.7,highway,medium,39.9,10278,95.4,101.819,synthetic
car,petrol,2467,1778,12,671.2,22.3,102.2,highway,high,34.9,476,1979.8,262.933,synthetic
car,petrol,1238,1674,15,239.1,60.3,52.6,urban,high,40.1,291,272.6,53.741,synthetic
car,petrol,1731,1159,15,157.5,75.0,20.5,highway,medium,5.7,231,147.7,24.161,synthetic
van,diesel,2419,1900,7,331.1,48.7,32.0,mixed,medium,28.4,2022,458.6,95.574,synthetic
truck,diesel,5098,17684,9,587.1,89.5,26.9,highway,medium,31.9,3253,387.5,375.826,synthetic
car,petrol,1194,1711,15,772.7,107.4,15.8,mixed,medium,32.1,191,466.1,106.522,synthetic
bus,petrol,5291,16206,11,649.3,104.9,58.6,mixed,high,20.2,2598,350.0,688.164,synthetic
car,diesel,1412,928,8,752.9,43.9,4.6,mixed,low,-4.4,149,961.4,99.742,synthetic
van,diesel,3309,3995,6,121.1,40.4,8.9,urban,low,8.1,1054,196.4,41.24,synthetic
truck,diesel,3601,8879,7,66.2,106.2,16.6,mixed,medium,11.2,2093,43.2,33.492,synthetic
truck,diesel,5784,15863,4,450.6,61.3,10.9,mixed,low,37.6,3772,406.0,282.798,synthetic
truck,diesel,5582,18621,0,239.3,38.7,78.0,highway,high,37.0,5697,345.3,262.188,synthetic
truck,diesel,4244,8535,3,664.2,83.6,10.1,urban,medium,0.2,12142,509.7,509.645,synthetic
car,diesel,2184,1708,14,540.9,45.6,15.9,highway,medium,42.5,91,687.1,106.553,synthetic
truck,diesel,3578,9642,1,776.9,44.1,42.1,urban,high,4.1,5853,1146.5,613.495,synthetic
car,petrol,2450,1776,2,211.3,99.1,18.7,urban,medium,15.7,32,123.3,61.941,synthetic
truck,petrol,4816,9219,11,393.8,34.6,23.1,highway,medium,5.8,8799,638.0,270.003,synthetic
van,diesel,2316,3898,2,406.0,25.8,7.6,mixed,low,38.0,1606,1004.4,95.185,synthetic
truck,petrol,4406,5803,8,198.9,44.2,31.4,highway,medium,32.5,13117,312.7,128.285,synthetic
van,petrol,1913,3360,12,476.2,74.6,2.8,mixed,low,12.7,2084,423.3,78.253,synthetic
van,diesel,3482,2971,14,360.2,31.1,38.1,highway,medium,29.1,856,796.7,127.897,synthetic
van,petrol,1867,2851,9,362.9,62.4,17.0,mixed,medium,4.2,515,341.7,67.27,synthetic
truck,diesel,5137,8352,14,296.6,76.5,15.5,highway,medium,14.1,3185,271.3,162.58,synthetic
car,petrol,1664,1506,3,23.4,96.4,29.0,highway,medium,13.9,484,14.7,3.532,synthetic
car,petrol,2423,991,1,422.5,40.7,12.1,mixed,low,6.9,337,720.0,96.545,synthetic
car,petrol,1369,1353,2,274.8,93.6,57.8,highway,high,38.8,21,183.5,48.914,synthetic
car,diesel,1798,1053,2,11.0,41.1,11.2,urban,low,28.9,68,15.8,1.928,synthetic
truck,diesel,4706,19334,13,253.3,80.9,108.4,mixed,high,9.0,7801,183.7,310.558,synthetic
car,petrol,2054,829,6,230.1,58.8,31.8,highway,medium,7.1,104,251.5,42.837,synthetic
bus,diesel,4204,9997,7,320.8,30.3,6.2,mixed,medium,-4.1,4116,586.4,196.328,synthetic
car,diesel,1291,1042,12,114.2,84.3,34.0,highway,medium,12.3,287,95.8,14.245,synthetic
car,petrol,1322,1214,15,411.1,39.6,97.4,highway,high,21.3,306,611.3,79.577,synthetic
truck,petrol,5345,8491,10,557.0,35.9,10.0,highway,low,8.9,7480,931.7,333.976,synthetic
van,diesel,2122,2881,12,507.8,52.2,31.6,mixed,medium,30.0,789,565.7,121.936,synthetic
van,petrol,2775,3719,5,645.0,78.8,117.9,highway,high,15.6,1556,442.4,260.209,synthetic
van,diesel,2166,3367,3,367.1,41.1,63.1,mixed,high,10.8,1849,594.2,123.303,synthetic
truck,diesel,5654,13699,5,420.1,36.5,7.4,mixed,medium,42.0,6193,743.2,389.733,synthetic
car,petrol,2413,889,12,650.2,20.9,66.1,urban,high,8.1,252,2133.8,285.179,synthetic
bus,diesel,5555,14940,10,347.9,62.4,6.6,urban,medium,14.9,4279,304.9,319.298,synthetic
bus,diesel,5057,9664,0,564.3,58.6,4.4,mixed,low,14.1,1169,681.2,232.54,synthetic
van,diesel,2198,3530,12,353.3,41.0,25.5,urban,medium,7.1,1454,516.1,112.953,synthetic
car,petrol,1075,1050,9,340.0,24.8,15.8,highway,medium,5.9,174,964.6,34.71,synthetic
van,petrol,2256,2718,7,610.6,58.6,29.0,urban,medium,10.1,1816,582.4,165.643,synthetic
car,petrol,1981,1150,0,148.1,90.9,102.2,mixed,high,38.2,9,109.8,39.699,synthetic
car,petrol,1800,1659,14,277.5,84.4,19.7,mixed,medium,33.4,335,211.9,49.861,synthetic
car,petrol,2416,927,4,187.1,97.5,13.5,highway,low,29.0,51,116.0,32.937,synthetic
van,diesel,2474,3044,1,293.7,20.9,28.0,highway,high,17.9,349,780.3,82.769,synthetic
truck,diesel,5235,7131,15,192.0,107.0,12.6,mixed,low,20.4,11145,116.5,144.315,synthetic
truck,diesel,4723,15572,14,467.7,50.7,102.9,highway,high,8.4,9965,502.3,567.732,synthetic
truck,diesel,4781,18576,5,640.6,109.1,52.2,mixed,high,-1.3,13529,369.9,836.944,synthetic
van,diesel,2255,2756,8,631.4,42.7,49.9,highway,high,11.6,1395,958.5,186.704,synthetic
car,diesel,1682,1288,4,298.0,62.4,50.5,mixed,high,19.8,265,320.6,59.034,synthetic
car,petrol,1706,1727,3,791.1,51.9,12.2,mixed,low,-2.1,354,1096.1,109.084,synthetic
bus,diesel,6120,13210,13,479.1,52.0,34.1,highway,medium,-0.6,1955,540.5,348.374,synthetic
car,petrol,2411,1288,1,325.5,95.8,4.9,highway,low,8.2,18,203.2,56.165,synthetic
truck,diesel,4323,13675,11,670.1,87.2,8.9,urban,low,13.4,4221,462.3,379.164,synthetic
van,diesel,1872,3316,2,586.6,109.3,9.9,highway,medium,14.7,747,360.5,102.589,synthetic
van,diesel,2644,2035,5,601.9,75.2,7.0,urban,low,0.9,972,566.4,145.825,synthetic
truck,petrol,4861,17317,7,165.0,61.7,119.9,mixed,high,6.3,14208,191.3,240.063,synthetic
van,diesel,2086,2758,13,380.0,28.1,35.9,highway,high,8.1,2051,960.2,110.739,synthetic
truck,diesel,5401,6085,7,690.8,109.7,38.2,urban,medium,-1.6,14103,439.8,986.297,synthetic
bus,diesel,6955,15862,4,408.2,69.6,33.8,mixed,medium,11.3,4994,421.1,384.857,synthetic
van,petrol,3408,2629,4,549.9,83.0,39.0,urban,medium,-1.4,1198,402.4,256.414,synthetic
car,petrol,1296,900,9,474.5,56.6,38.0,highway,high,30.2,114,595.7,64.052,synthetic
van,diesel,3288,3194,13,675.5,69.3,12.5,mixed,medium,14.3,1488,659.9,221.021,synthetic
bus,diesel,6113,16801,12,234.8,104.8,0.3,mixed,low,11.3,4465,127.7,201.068,synthetic
car,petrol,1681,1688,2,464.6,35.0,30.4,urban,medium,1.3,233,728.2,98.504,synthetic
van,petrol,2719,3907,15,107.4,46.3,27.5,highway,medium,6.3,1362,134.1,28.845,synthetic
van,diesel,3244,3709,14,555.3,33.7,37.8,highway,high,6.6,509,1121.2,239.715,synthetic
truck,diesel,4700,5032,6,588.3,91.3,11.9,mixed,low,44.3,6886,421.2,349.659,synthetic
car,diesel,1560,1180,14,43.8,25.6,4.5,mixed,low,36.8,193,99.5,6.902,synthetic
truck,diesel,4733,17278,12,543.9,27.3,33.5,mixed,high,-4.2,5924,1339.5,550.631,synthetic
bus,diesel,5737,11663,5,337.6,46.9,62.3,highway,high,25.8,4493,407.3,302.138,synthetic
car,petrol,1284,1402,14,108.0,66.3,29.1,urban,high,7.8,30,112.1,20.689,synthetic
car,petrol,2351,1406,0,341.7,56.6,14.2,mixed,medium,0.2,486,412.6,82.724,synthetic
bus,diesel,6023,11650,3,163.4,24.0,18.0,urban,medium,30.3,537,486.3,152.871,synthetic
car,petrol,1950,1704,5,338.3,106.2,34.8,highway,medium,1.6,473,180.7,63.997,synthetic
truck,diesel,3749,12548,15,313.6,105.8,11.9,urban,low,17.2,8673,208.5,227.248,synthetic
van,diesel,2827,2823,10,593.3,45.1,20.5,mixed,medium,26.6,1816,790.5,193.219,synthetic
car,petrol,1181,1798,5,621.6,85.8,10.9,highway,low,22.7,94,445.3,49.295,synthetic
truck,diesel,3697,12403,10,489.6,72.1,24.9,urban,medium,43.9,10159,424.1,334.866,synthetic
van,diesel,2696,2192,13,27.9,41.4,54.1,urban,high,34.3,2229,44.1,13.443,synthetic
van,petrol,2485,2929,14,745.5,43.6,30.4,urban,medium,33.7,521,1229.6,295.994,synthetic
car,petrol,1883,1614,11,552.1,64.2,88.3,mixed,high,12.8,64,557.2,161.78,synthetic
van,diesel,1952,3509,11,37.0,57.7,9.3,urban,low,-4.6,899,45.3,7.518,synthetic
car,petrol,1646,1589,2,656.9,46.2,26.6,highway,medium,31.7,81,832.9,102.418,synthetic
car,petrol,1262,1508,5,168.2,92.7,28.9,highway,medium,45.0,55,111.0,19.787,synthetic
bus,diesel,6961,10542,11,467.6,63.3,58.5,urban,high,15.3,3552,465.7,677.226,synthetic
car,petrol,1842,1662,9,378.6,78.9,35.4,highway,medium,44.3,107,286.9,60.404,synthetic
van,petrol,2969,3766,5,341.7,37.0,36.2,urban,high,2.1,1734,660.4,173.913,synthetic
car,petrol,1488,994,11,712.9,68.0,13.3,mixed,low,9.8,431,702.9,86.561,synthetic
truck,petrol,3737,6957,8,355.5,48.6,54.2,highway,high,3.5,10128,457.9,215.958,synthetic
car,petrol,2464,1776,8,69.5,67.4,1.9,urban,low,18.8,60,69.7,14.862,synthetic
bus,diesel,4859,16683,1,757.8,90.3,80.0,urban,high,34.8,3081,524.0,862.206,synthetic
van,diesel,2520,3765,3,737.2,89.2,18.2,highway,medium,12.0,1105,448.9,177.954,synthetic
car,petrol,1975,1686,8,550.7,51.9,101.5,urban,high,40.3,172,677.0,197.635,synthetic
car,petrol,1037,1342,14,379.6,82.5,20.1,mixed,medium,22.2,159,300.3,41.722,synthetic
car,petrol,2215,1446,13,83.4,104.7,10.0,urban,low,18.3,465,57.0,18.407,synthetic
van,diesel,2712,3000,12,634.7,76.3,50.8,urban,high,34.4,1908,455.2,307.294,synthetic
car,diesel,1417,851,3,69.6,33.4,3.1,highway,low,0.1,67,132.0,6.946,synthetic
truck,diesel,3654,16183,7,64.2,81.2,5.8,highway,low,33.7,7664,44.1,26.017,synthetic
van,diesel,2076,2912,9,434.5,29.4,80.7,highway,high,7.1,932,836.6,135.967,synthetic
car,petrol,2343,1448,11,136.5,98.5,9.9,mixed,low,9.0,489,90.1,29.828,synthetic
van,diesel,2966,2906,2,16.1,66.5,8.7,urban,low,25.0,2449,14.1,4.668,synthetic
truck,diesel,4125,12377,2,344.3,54.7,39.6,highway,medium,40.1,5473,425.0,169.507,synthetic
car,petrol,1098,972,8,118.4,25.1,89.1,mixed,high,23.9,176,298.0,20.751,synthetic
car,petrol,2036,1079,15,136.8,54.3,14.0,highway,low,27.4,300,146.0,21.927,synthetic
car,petrol,1859,959,10,70.8,101.3,9.1,highway,medium,33.8,240,43.9,11.347,synthetic
truck,diesel,4511,7935,9,172.0,21.9,7.1,urban,medium,8.0,3983,424.5,129.522,synthetic
van,petrol,2418,3941,7,575.2,62.7,51.1,highway,high,36.4,1719,637.7,154.094,synthetic
van,petrol,2169,2137,0,649.1,103.8,33.7,urban,high,15.9,968,339.1,230.135,synthetic
truck,petrol,5174,9039,9,367.5,55.5,72.6,highway,high,3.8,10152,358.2,341.651,synthetic
truck,diesel,5927,13859,13,410.2,58.5,23.2,urban,medium,12.5,6372,455.5,463.95,synthetic
van,diesel,2099,3142,1,35.8,72.1,25.1,mixed,medium,7.3,1810,35.5,7.217,synthetic
truck,diesel,4993,7310,2,64.8,61.7,11.2,mixed,low,6.4,10349,72.9,41.337,synthetic
car,petrol,1636,1594,13,213.5,35.2,39.0,mixed,medium,9.1,254,355.3,42.953,synthetic
car,petrol,1670,1585,10,439.7,21.7,107.8,mixed,high,4.0,352,1167.5,134.631,synthetic
car,diesel,1381,1037,1,594.2,74.9,9.1,urban,medium,28.4,230,518.0,90.482,synthetic
car,petrol,2238,1089,2,488.0,102.9,5.1,urban,low,24.0,58,326.4,106.715,synthetic
van,diesel,2625,3864,7,319.8,29.6,14.0,urban,medium,27.4,619,654.4,111.227,synthetic
bus,diesel,5630,16257,10,103.5,39.0,11.2,mixed,medium,12.2,1607,164.0,85.083,synthetic
car,petrol,1457,1498,10,626.8,53.3,24.1,urban,medium,33.5,32,659.2,103.346,synthetic
car,petrol,1273,882,11,297.4,92.8,24.4,highway,medium,1.5,356,181.9,30.678,synthetic
van,diesel,1946,2720,13,591.5,44.2,13.0,mixed,medium,23.6,1045,858.9,135.245,synthetic
bus,diesel,6142,13593,15,415.3,99.4,10.7,mixed,low,8.8,921,233.3,284.972,synthetic
car,petrol,1294,987,5,593.5,24.9,93.3,mixed,high,21.4,410,1371.3,133.9,synthetic
van,petrol,2973,2786,14,726.8,104.7,5.7,highway,medium,11.2,1772,404.2,216.051,synthetic
car,petrol,1586,1401,13,737.6,70.5,5.9,highway,low,34.5,226,648.9,74.431,synthetic
car,diesel,1624,1127,6,432.7,79.3,36.2,highway,medium,39.6,124,299.2,63.072,synthetic
bus,diesel,5408,15809,9,414.1,53.1,72.0,urban,high,32.1,1183,491.3,478.083,synthetic
bus,diesel,5103,16404,14,219.9,90.4,54.8,highway,high,3.8,2563,172.0,178.016,synthetic
car,petrol,1151,1124,14,749.3,35.0,13.9,urban,medium,8.7,443,1165.8,108.352,synthetic
bus,diesel,4929,16387,12,371.8,24.4,3.7,highway,low,41.0,1348,995.7,179.659,synthetic
van,diesel,2928,2028,9,110.8,55.6,1.5,highway,low,16.9,1508,137.6,24.053,synthetic
truck,diesel,5164,17566,5,351.8,96.8,12.3,mixed,low,42.1,14464,216.6,305.284,synthetic
van,petrol,2287,2136,0,110.4,87.9,8.0,mixed,medium,14.6,1665,70.7,24.853,synthetic
van,diesel,2582,1982,10,407.0,66.5,15.2,highway,medium,42.6,1212,335.0,89.226,synthetic
van,diesel,2129,3212,2,453.4,71.5,6.6,urban,medium,41.3,1848,416.0,103.467,synthetic
van,petrol,2158,2838,12,276.8,31.7,32.3,highway,medium,28.0,2097,558.5,61.282,synthetic
car,petrol,1035,1708,0,66.6,95.7,0.6,highway,low,-4.6,295,40.5,5.452,synthetic
car,petrol,2345,1163,11,755.4,90.8,4.6,mixed,low,15.0,436,573.6,152.085,synthetic
car,petrol,1316,1087,14,620.9,79.1,25.1,mixed,medium,40.6,257,528.0,93.474,synthetic
truck,diesel,4069,12511,15,672.7,62.0,6.1,mixed,low,39.3,12620,640.3,432.871,synthetic
car,diesel,1419,1256,9,299.8,106.8,4.2,urban,low,4.4,476,189.7,45.524,synthetic
van,diesel,2017,2558,11,611.1,99.1,14.6,mixed,medium,15.0,1353,360.1,141.658,synthetic
bus,diesel,5918,14937,8,393.4,78.0,99.8,highway,high,36.8,3223,333.7,409.368,synthetic
car,diesel,1113,1560,12,168.9,53.5,117.4,highway,high,23.9,305,177.3,28.943,synthetic
van,diesel,2028,3677,8,108.3,75.6,54.8,highway,high,37.4,1997,95.2,27.894,synthetic
van,diesel,2896,3940,4,282.6,71.8,6.4,mixed,medium,36.3,2093,229.5,77.434,synthetic
truck,diesel,4349,9000,3,118.7,55.5,6.3,highway,medium,40.4,1381,137.5,48.949,synthetic
car,diesel,2062,1516,11,798.6,47.6,11.4,highway,low,0.9,367,958.1,132.091,synthetic
van,diesel,2748,2667,15,48.9,56.6,75.2,urban,high,2.3,2003,57.9,24.511,synthetic
truck,diesel,4140,15156,8,358.5,71.7,11.8,highway,low,-0.9,10806,275.7,181.165,synthetic
bus,diesel,5952,12760,8,367.2,58.5,10.5,highway,low,41.8,3712,357.4,223.941,synthetic
van,petrol,1998,3986,14,247.5,43.7,13.6,highway,low,18.8,295,324.4,38.595,synthetic
van,diesel,2712,3404,2,461.4,88.5,108.6,highway,high,-1.8,1217,285.4,172.8,synthetic
van,diesel,2543,3895,4,128.5,67.8,98.8,mixed,high,11.1,2082,127.7,54.578,synthetic
truck,diesel,4170,17525,2,629.3,26.1,67.5,urban,high,12.6,14076,1728.3,906.242,synthetic
van,petrol,2827,3786,9,272.6,53.1,15.8,highway,medium,35.5,728,348.9,66.638,synthetic
car,diesel,2307,1614,1,477.2,99.6,22.7,highway,medium,31.8,290,332.8,101.535,synthetic
bus,diesel,6997,12592,0,575.4,88.0,70.2,mixed,high,29.5,4119,353.9,766.818,synthetic
van,petrol,2833,2354,11,712.3,49.1,26.4,urban,medium,-3.9,1931,814.3,285.712,synthetic
van,diesel,2488,2615,9,670.3,104.4,38.6,mixed,high,40.5,1623,411.2,268.651,synthetic
car,petrol,1338,820,1,490.6,26.9,27.9,urban,medium,5.8,9,1306.0,90.536,synthetic
van,diesel,2237,2953,7,316.8,106.5,21.0,highway,medium,26.5,1865,196.0,71.6,synthetic
car,petrol,1719,1305,10,407.5,42.1,82.0,mixed,high,-1.9,387,587.7,124.299,synthetic
van,diesel,2424,2956,7,617.3,20.8,3.6,urban,low,-0.9,1863,1679.2,198.72,synthetic
car,diesel,2371,1774,2,703.3,59.0,63.4,highway,high,-4.5,383,676.0,171.885,synthetic
van,diesel,2426,3805,6,92.0,52.3,12.4,urban,medium,23.3,1191,106.4,25.922,synthetic
bus,diesel,5120,9617,15,314.0,68.5,107.5,highway,high,26.5,4972,306.4,250.306,synthetic
car,petrol,1575,1169,6,623.1,91.7,22.1,highway,medium,-2.5,385,370.8,86.549,synthetic
bus,diesel,6510,12240,1,351.0,95.8,12.9,mixed,medium,9.5,3104,254.0,278.661,synthetic
van,diesel,2906,2593,8,272.5,56.1,6.4,mixed,medium,37.6,2349,344.5,80.721,synthetic
truck,petrol,5035,16977,2,334.9,58.7,28.7,highway,medium,0.1,13715,399.5,290.725,synthetic
truck,petrol,4335,12861,1,486.2,33.3,12.5,urban,medium,5.8,12404,1027.4,413.722,synthetic
van,petrol,3190,3059,11,799.8,24.3,119.0,mixed,high,16.2,1496,1788.0,523.18,synthetic
truck,petrol,3596,17795,2,399.5,77.7,23.7,highway,medium,37.1,8379,368.1,196.801,synthetic
truck,diesel,5677,17089,1,174.7,25.8,4.3,urban,low,7.7,5602,410.3,158.513,synthetic
van,diesel,2672,2091,14,138.6,86.0,85.8,mixed,high,44.9,777,112.2,60.835,synthetic
car,diesel,1597,1514,7,43.5,68.5,4.1,mixed,low,12.8,256,36.4,4.717,synthetic
van,diesel,2645,2758,4,451.5,37.9,33.7,mixed,medium,14.3,1529,739.5,136.826,synthetic
truck,diesel,5169,9420,2,440.2,68.6,4.6,mixed,low,1.1,4423,351.8,243.329,synthetic
truck,diesel,3532,5750,4,172.1,36.5,118.8,mixed,high,29.0,13916,258.3,162.115,synthetic
truck,diesel,5679,12309,10,559.3,59.5,9.1,highway,low,7.2,8802,667.4,384.972,synthetic
van,diesel,2559,2582,10,595.5,92.0,12.7,mixed,low,26.4,1411,444.1,133.015,synthetic
truck,diesel,4357,8773,7,214.7,61.6,27.3,highway,high,6.2,7099,221.5,124.199,synthetic
car,petrol,1207,1495,6,281.8,33.4,54.8,highway,high,14.4,29,535.8,39.696,synthetic
van,diesel,2547,3493,5,792.5,85.1,11.1,highway,low,37.8,2230,628.0,167.962,synthetic
car,petrol,1744,1045,13,305.7,36.8,85.5,mixed,high,31.9,158,499.5,85.366,synthetic
car,petrol,1605,849,12,611.0,86.5,39.4,highway,high,2.7,321,478.5,112.459,synthetic
car,diesel,2018,1649,0,367.7,63.1,5.3,mixed,low,25.4,304,365.3,55.759,synthetic
car,petrol,1631,810,9,636.7,60.8,46.3,urban,high,26.4,292,685.4,153.343,synthetic
van,diesel,3434,3862,0,617.5,96.6,26.5,highway,medium,-0.5,1409,456.1,218.452,synthetic
car,diesel,1899,1428,0,537.5,83.8,17.1,mixed,medium,18.3,91,400.9,98.195,synthetic
van,diesel,3173,2508,13,685.3,23.0,15.8,mixed,medium,8.0,845,1836.3,253.676,synthetic
car,petrol,1164,1046,9,752.0,46.7,12.3,mixed,medium,18.4,262,1133.1,87.241,synthetic
car,diesel,1596,809,13,468.2,98.4,6.1,highway,low,33.9,395,334.3,62.322,synthetic
car,petrol,1505,1035,7,197.6,21.6,39.6,mixed,high,2.9,216,655.9,44.644,synthetic
car,diesel,1854,938,7,324.9,69.1,14.4,mixed,low,1.2,102,300.7,44.274,synthetic
van,petrol,3264,3147,13,609.1,85.5,10.4,urban,medium,8.5,402,428.8,227.173,synthetic
van,petrol,1933,2166,6,524.2,76.0,13.7,highway,low,42.6,1725,402.5,78.511,synthetic
van,diesel,1923,2963,5,150.5,88.4,62.8,urban,high,32.4,1174,92.9,51.493,synthetic
van,diesel,3246,3098,3,50.5,85.3,18.2,mixed,medium,-4.0,488,39.7,16.13,synthetic
car,petrol,1319,1098,0,549.5,82.3,13.1,highway,medium,15.1,337,388.7,58.196,synthetic
truck,diesel,5172,5526,14,208.4,93.9,27.3,highway,medium,7.9,3906,144.0,136.101,synthetic
van,diesel,2723,1882,14,404.7,78.1,88.6,mixed,high,26.9,1371,365.3,186.067,synthetic
van,diesel,3216,1858,8,599.9,56.2,21.4,highway,medium,18.0,904,758.8,182.346,synthetic
car,petrol,1188,1539,14,454.5,62.5,25.6,mixed,high,43.2,466,393.4,69.697,synthetic
car,petrol,1195,1118,0,75.8,84.5,13.8,highway,low,5.9,114,53.6,6.107,synthetic
car,petrol,1835,1596,3,156.6,98.9,14.7,urban,low,24.4,210,109.4,28.794,synthetic
car,petrol,2420,1232,2,183.3,44.5,20.1,highway,medium,30.0,480,262.2,38.266,synthetic
van,petrol,2505,2797,6,213.7,50.8,81.4,mixed,high,36.3,933,288.4,79.789,synthetic
van,diesel,2356,2928,4,456.7,103.8,6.8,mixed,low,15.3,1683,305.2,99.995,synthetic
van,diesel,2831,3369,4,408.1,72.1,4.8,mixed,low,29.3,928,350.9,97.786,synthetic
truck,petrol,5826,9103,3,170.5,36.1,1.2,mixed,low,10.2,2549,285.5,96.183,synthetic
truck,diesel,5592,6824,0,63.4,79.7,21.0,highway,medium,16.8,9786,49.4,38.636,synthetic
truck,diesel,5989,13341,4,145.4,109.2,33.6,highway,medium,39.8,13824,87.6,164.347,synthetic
bus,diesel,4068,11270,3,787.7,94.1,21.7,urban,high,42.5,2537,507.3,576.145,synthetic
car,petrol,1169,1242,13,380.2,87.1,8.7,urban,low,30.9,313,296.5,41.019,synthetic
car,petrol,1914,1447,9,695.2,38.7,13.2,mixed,low,13.7,304,1261.6,122.186,synthetic
car,petrol,2231,1294,12,680.5,98.9,12.6,urban,medium,36.0,208,406.7,189.644,synthetic
van,diesel,2285,3165,7,414.1,67.3,11.4,mixed,medium,-3.7,1614,439.0,94.098,synthetic
truck,petrol,4098,13163,1,568.3,100.0,32.0,mixed,medium,0.1,4630,370.4,370.019,synthetic
car,petrol,2180,1540,7,162.3,49.7,3.8,highway,low,28.1,189,228.0,23.184,synthetic
bus,diesel,4169,15059,0,553.8,25.6,39.2,mixed,high,9.6,2490,1209.4,426.247,synthetic
car,diesel,1554,1334,12,225.2,62.8,18.2,urban,medium,42.6,432,209.7,41.185,synthetic
bus,diesel,5517,14789,3,667.3,44.3,18.7,mixed,medium,16.8,2067,900.8,489.674,synthetic
car,diesel,1841,1674,2,76.1,84.4,35.6,highway,medium,16.5,318,53.7,11.083,synthetic
car,petrol,2093,1232,4,620.8,106.1,9.3,highway,low,28.9,107,333.9,94.625,synthetic
van,petrol,2403,2708,12,89.0,82.2,60.6,highway,high,33.4,781,75.4,26.325,synthetic
car,petrol,1919,1564,4,706.1,99.8,73.4,mixed,high,18.8,324,435.3,206.144,synthetic
car,diesel,1878,1383,4,250.3,60.8,38.4,mixed,medium,5.7,381,293.8,53.221,synthetic
car,diesel,1821,871,15,527.0,89.4,9.0,highway,medium,33.7,231,380.0,86.782,synthetic
truck,diesel,5101,18382,11,395.1,95.9,3.1,mixed,low,11.0,5691,232.8,281.924,synthetic
van,diesel,2241,1868,3,299.4,84.0,38.7,urban,medium,3.8,2294,227.5,95.897,synthetic
car,petrol,1127,1548,7,519.9,65.7,38.5,mixed,medium,26.6,68,568.8,58.024,synthetic
van,diesel,2003,3469,2,758.5,76.3,37.7,highway,high,-0.5,1858,637.7,181.917,synthetic
truck,diesel,4061,19297,11,42.6,83.0,2.2,urban,low,43.6,10662,27.7,32.882,synthetic
car,petrol,1750,854,3,735.9,42.8,6.3,mixed,low,26.6,345,1217.9,105.127,synthetic
van,diesel,3229,3113,0,491.2,92.9,0.7,highway,low,44.3,2351,308.0,132.654,synthetic
car,petrol,2052,1228,6,647.8,105.5,9.8,urban,low,11.9,364,407.5,144.869,synthetic
car,petrol,2184,1131,0,313.3,61.9,7.7,urban,medium,43.6,151,320.3,79.348,synthetic
van,petrol,2397,1999,14,382.8,83.1,0.9,highway,low,2.3,1013,275.7,69.451,synthetic
car,petrol,1607,1363,1,696.4,86.3,68.5,highway,high,-3.0,196,476.6,126.722,synthetic
van,diesel,2469,2854,10,337.7,79.6,14.4,mixed,low,-3.4,271,300.0,70.91,synthetic
truck,diesel,3980,6568,6,432.4,69.2,19.9,highway,medium,18.2,13789,439.7,219.866,synthetic
car,petrol,1092,1412,0,26.0,99.3,17.5,highway,medium,-0.8,37,16.5,2.379,synthetic
van,diesel,2805,3423,10,135.3,60.4,119.8,urban,high,20.6,1810,131.4,82.818,synthetic
car,petrol,2484,1567,2,516.9,25.5,73.2,mixed,high,11.4,365,1132.1,201.664,synthetic
bus,diesel,4500,17054,12,576.4,96.0,57.5,mixed,high,11.8,4297,341.1,511.565,synthetic
van,petrol,1879,2701,5,470.3,80.7,58.6,mixed,high,26.8,1473,369.6,124.347,synthetic
truck,diesel,5449,19296,5,123.2,96.4,11.8,highway,medium,3.2,11154,76.1,108.736,synthetic
van,petrol,2229,3704,5,361.9,32.5,71.2,urban,high,33.3,896,610.3,151.604,synthetic
car,diesel,2244,1097,10,290.5,22.8,63.9,mixed,high,24.1,373,793.6,105.555,synthetic
van,petrol,2997,2150,12,401.6,104.1,4.1,mixed,low,40.7,990,260.1,116.258,synthetic
bus,petrol,6837,12354,1,697.6,33.3,10.6,urban,medium,13.2,4563,1467.6,815.906,synthetic
van,diesel,2495,2684,1,622.9,92.9,4.7,highway,low,44.1,576,432.9,115.858,synthetic
truck,diesel,5155,13636,5,76.4,94.1,22.8,urban,medium,23.8,5421,54.4,70.175,synthetic
truck,petrol,4662,13751,9,713.3,83.8,7.0,highway,medium,43.7,7983,515.6,405.478,synthetic
car,petrol,1946,1550,4,382.7,31.8,10.4,mixed,medium,-3.6,388,757.0,89.205,synthetic
car,petrol,1674,1310,13,597.7,80.1,38.2,highway,medium,31.4,374,501.1,85.171,synthetic
van,petrol,2121,2031,6,120.6,100.0,74.3,highway,high,35.8,685,80.9,33.64,synthetic
van,petrol,2663,3688,6,539.9,58.3,7.2,urban,medium,-2.3,532,570.8,159.746,synthetic
truck,petrol,4821,9646,4,196.7,57.2,89.3,urban,high,23.9,5256,219.3,220.694,synthetic
bus,petrol,6432,17713,7,356.3,59.9,7.2,urban,medium,35.1,2677,420.4,353.801,synthetic
car,diesel,2103,918,9,23.3,27.4,30.9,urban,medium,23.1,270,55.6,6.669,synthetic
car,petrol,1996,1758,5,129.8,100.3,31.2,mixed,medium,-1.8,215,84.8,31.54,synthetic
truck,petrol,3783,6365,14,82.7,98.2,9.8,urban,low,29.7,10283,57.4,54.11,synthetic
car,petrol,2081,1031,4,199.4,109.8,30.6,urban,medium,-2.0,214,101.8,55.272,synthetic
truck,diesel,4751,5699,3,89.0,72.7,8.1,highway,medium,35.9,14249,77.7,54.845,synthetic
van,petrol,3320,3351,6,556.6,87.6,30.4,urban,medium,-2.8,800,452.8,263.955,synthetic
van,diesel,3364,3671,3,32.9,38.2,9.8,urban,medium,1.9,1643,52.1,15.435,synthetic
car,petrol,1083,1234,4,498.0,80.1,16.9,urban,medium,8.8,306,368.8,59.902,synthetic
van,diesel,3195,3843,4,121.2,78.5,38.0,mixed,medium,26.7,848,100.1,38.289,synthetic
van,petrol,1864,3099,0,756.7,101.1,22.6,urban,medium,43.8,1147,433.9,189.055,synthetic
van,diesel,2424,3186,14,747.1,94.8,14.5,mixed,low,0.9,1041,504.6,187.636,synthetic
car,diesel,1813,1645,0,188.1,104.5,1.3,urban,low,2.1,86,102.3,32.655,synthetic
truck,diesel,3870,9452,2,495.4,98.2,7.2,urban,low,13.4,7682,325.1,279.136,synthetic
truck,diesel,5366,10314,14,32.1,98.2,0.9,mixed,low,36.8,6413,21.2,22.086,synthetic
car,diesel,1013,1706,13,746.1,25.7,9.5,highway,low,18.4,89,1783.9,66.525,synthetic
car,petrol,1253,1701,10,423.2,96.1,1.2,urban,low,11.1,225,268.0,59.078,synthetic
car,petrol,1871,1776,2,44.1,74.7,2.6,urban,low,23.1,211,34.5,7.587,synthetic
van,diesel,3014,3784,1,280.6,54.2,14.1,highway,medium,8.0,502,310.1,71.131,synthetic
van,petrol,3358,2080,11,70.7,25.1,11.2,urban,low,15.1,502,177.5,29.36,synthetic
van,petrol,2999,3612,1,320.4,81.0,10.7,urban,medium,11.6,1689,231.3,116.47,synthetic
car,diesel,2008,1210,5,539.2,49.5,104.7,mixed,high,35.2,353,741.2,170.894,synthetic
car,petrol,1592,1791,12,381.2,62.1,33.2,mixed,high,41.2,471,409.8,85.694,synthetic
van,petrol,1802,2839,0,313.1,81.4,6.2,highway,medium,33.0,400,226.5,42.321,synthetic
van,petrol,2004,3018,5,104.1,102.1,59.5,urban,high,17.0,471,56.9,37.537,synthetic
bus,diesel,5604,13298,4,203.5,94.3,39.3,highway,medium,20.2,733,116.6,133.201,synthetic
car,diesel,2013,1122,5,89.1,60.6,1.7,highway,low,1.3,266,95.3,11.747,synthetic
van,diesel,2510,1965,4,647.9,54.9,30.2,mixed,high,32.3,1632,682.2,214.75,synthetic
van,diesel,3042,3770,6,116.8,41.6,95.1,highway,high,24.8,1128,152.4,53.601,synthetic
van,petrol,2687,3566,0,480.3,53.5,15.9,highway,medium,40.1,2035,542.7,117.692,synthetic
truck,diesel,3685,7093,12,280.8,30.0,30.1,mixed,medium,5.0,10614,667.6,198.326,synthetic
van,diesel,2126,3509,2,188.5,107.4,12.0,mixed,medium,33.0,2467,116.6,47.211,synthetic
bus,diesel,6520,14258,5,515.2,71.7,6.9,mixed,low,29.2,1121,499.3,333.143,synthetic
car,petrol,2087,1209,0,371.0,31.5,4.0,mixed,low,8.3,29,666.7,65.552,synthetic
car,petrol,2342,1054,12,326.1,51.8,20.8,mixed,medium,28.4,137,348.6,78.127,synthetic
truck,diesel,3794,17896,10,478.4,69.2,96.9,highway,high,41.2,1267,374.5,299.609,synthetic
van,petrol,3483,3340,10,398.1,68.0,11.4,urban,low,40.9,2345,417.1,156.917,synthetic
car,diesel,1314,1348,6,249.8,23.2,71.6,urban,high,31.0,152,639.6,56.219,synthetic
car,petrol,1018,1410,3,451.7,105.6,13.9,highway,low,-2.6,276,266.4,34.293,synthetic
car,petrol,2496,891,2,538.9,44.8,14.2,mixed,medium,38.6,159,735.3,148.58,synthetic
truck,diesel,4203,12109,9,31.1,21.5,13.4,urban,medium,27.9,4441,97.3,24.316,synthetic
car,petrol,2002,994,8,378.0,26.9,26.5,highway,medium,10.5,76,837.9,72.523,synthetic
car,diesel,1265,1008,0,55.6,72.2,9.3,highway,low,4.4,160,49.0,4.619,synthetic
car,diesel,1870,1461,7,157.3,32.4,6.6,highway,medium,0.8,308,349.1,25.696,synthetic
car,petrol,2356,1711,0,452.8,23.8,26.3,mixed,medium,-2.5,486,1181.7,110.871,synthetic
car,diesel,1480,1204,12,694.3,54.2,5.6,urban,low,32.7,279,819.3,104.288,synthetic
van,petrol,2939,2257,13,707.4,76.0,11.2,urban,low,6.8,1425,586.5,210.005,synthetic
car,diesel,1282,1449,4,65.3,30.1,33.3,urban,medium,-3.8,18,148.6,11.519,synthetic
truck,diesel,5062,18068,9,341.1,48.2,24.3,mixed,medium,14.9,12761,416.1,355.574,synthetic
car,diesel,1505,1548,7,470.6,57.6,0.0,mixed,low,19.1,22,466.2,55.554,synthetic
van,diesel,2159,3711,5,126.2,34.4,27.3,urban,medium,3.5,2284,248.2,36.997,synthetic
truck,diesel,4283,13048,6,614.7,65.5,94.9,mixed,high,-2.8,8541,576.6,610.919,synthetic
van,diesel,2104,3454,10,597.9,27.7,3.7,mixed,low,4.5,587,1522.4,127.557,synthetic
van,diesel,3333,2108,7,723.6,24.2,21.3,mixed,medium,29.0,1239,1962.5,270.542,synthetic
car,petrol,1596,1148,12,16.7,66.8,14.5,mixed,low,-0.9,497,16.0,2.092,synthetic
car,petrol,1368,1190,5,181.2,42.3,4.5,mixed,low,22.8,153,236.7,19.596,synthetic
van,diesel,2562,2925,10,663.5,28.6,3.3,urban,low,2.3,820,1558.6,204.837,synthetic
bus,diesel,4962,17291,5,539.8,58.2,12.4,mixed,medium,4.8,1031,615.8,300.856,synthetic
van,petrol,3066,3723,10,716.6,102.4,75.9,mixed,high,14.7,1573,458.7,392.904,synthetic
van,diesel,3451,2096,5,55.2,85.2,14.2,mixed,low,0.0,405,38.1,16.836,synthetic
truck,petrol,4595,7592,4,481.6,93.4,26.3,mixed,medium,3.7,11724,366.3,370.802,synthetic
van,petrol,3264,2587,7,459.5,98.5,15.6,urban,medium,12.4,2314,279.0,188.339,synthetic
car,diesel,1849,1091,12,38.2,107.5,9.6,highway,low,11.5,466,20.1,5.476,synthetic
van,diesel,2067,3152,1,415.7,88.7,26.9,highway,medium,32.5,448,336.4,78.768,synthetic
bus,diesel,6072,17028,6,491.5,74.8,79.7,mixed,high,-1.3,3012,443.4,618.912,synthetic
car,diesel,1770,1762,14,161.1,52.9,35.9,highway,high,38.0,49,187.3,30.584,synthetic
van,petrol,2906,3238,3,225.9,36.3,83.5,urban,high,35.8,1516,440.4,137.223,synthetic
car,petrol,2335,1638,0,515.9,81.8,20.1,urban,medium,33.3,407,350.9,139.357,synthetic
van,diesel,2549,2955,12,380.0,109.5,21.9,urban,high,10.5,1437,192.8,168.015,synthetic
car,petrol,2352,1008,4,687.8,62.1,8.1,mixed,low,36.1,436,734.6,123.135,synthetic
van,diesel,3076,2954,2,280.5,85.1,39.6,mixed,medium,4.1,2044,188.5,96.907,synthetic
truck,diesel,4722,13326,3,220.7,64.6,55.0,mixed,high,1.2,4872,241.0,203.875,synthetic
car,petrol,1905,1542,6,788.0,58.9,14.5,urban,low,-2.8,315,925.3,151.018,synthetic
van,petrol,2353,2284,4,729.8,56.9,8.4,mixed,medium,42.0,217,763.0,175.602,synthetic
truck,petrol,5959,10525,13,32.9,65.4,30.6,highway,medium,10.4,6545,35.2,24.986,synthetic
bus,diesel,6002,11640,14,618.9,53.0,9.0,highway,medium,40.9,1571,639.3,389.538,synthetic
car,diesel,1066,1759,3,97.2,87.4,4.1,mixed,low,8.6,469,71.0,8.721,synthetic
car,petrol,1490,1244,0,31.7,98.7,77.1,mixed,high,40.4,203,22.8,7.683,synthetic
car,diesel,1935,1555,5,226.2,99.5,25.7,mixed,medium,40.2,327,157.8,46.516,synthetic
bus,diesel,4169,15508,10,222.8,40.5,11.6,urban,low,41.2,3794,332.4,148.58,synthetic
bus,diesel,4072,10655,9,657.3,100.6,9.2,urban,low,19.8,3979,374.2,375.065,synthetic
van,petrol,2565,3058,5,571.4,50.7,79.4,urban,high,38.3,1892,650.8,256.335,synthetic
truck,diesel,4332,18415,15,785.5,47.8,13.7,highway,low,42.5,5048,1038.7,380.76,synthetic
van,petrol,2545,2845,6,572.1,85.4,6.8,urban,low,11.2,1778,433.7,148.833,synthetic
van,diesel,2247,3879,15,340.4,47.4,12.9,urban,medium,15.9,1463,391.9,105.464,synthetic
car,diesel,1247,1014,0,562.2,24.8,10.7,urban,medium,31.0,299,1394.6,89.86,synthetic
truck,diesel,5223,6112,13,799.6,53.6,19.0,urban,medium,10.0,1011,1028.0,526.065,synthetic
car,diesel,1772,1691,3,571.0,84.9,29.9,mixed,medium,32.7,129,416.8,105.844,synthetic
truck,diesel,4000,17715,11,611.7,49.4,24.3,mixed,high,-1.3,14030,706.0,618.135,synthetic
truck,petrol,4299,19889,8,751.3,76.7,32.9,mixed,high,21.2,5061,697.7,596.054,synthetic
truck,diesel,4980,15191,14,99.8,79.4,1.6,urban,low,1.1,7132,73.9,78.484,synthetic
car,petrol,1108,1737,11,566.8,86.0,25.5,urban,medium,9.7,93,450.4,84.841,synthetic
car,diesel,1221,1627,13,682.1,100.7,44.3,highway,high,7.9,69,389.3,103.472,synthetic
car,petrol,1110,1644,9,764.0,58.9,10.8,highway,medium,36.9,104,798.8,64.83,synthetic
car,diesel,2218,1369,5,176.7,35.0,25.7,urban,medium,4.7,277,317.3,50.899,synthetic
car,petrol,2129,1182,1,408.1,48.7,11.4,urban,low,35.4,460,528.0,88.916,synthetic
bus,diesel,6260,17346,3,547.6,58.9,16.6,mixed,medium,34.7,1968,588.6,459.668,synthetic
van,petrol,3018,2751,5,205.5,84.3,25.2,urban,medium,19.9,944,141.6,78.466,synthetic
car,petrol,2004,1339,3,484.4,21.2,8.4,mixed,medium,6.7,282,1447.3,103.14,synthetic
car,petrol,1715,1246,14,213.5,48.4,113.5,mixed,high,6.3,178,276.3,58.919,synthetic
van,petrol,2892,3043,9,273.4,90.2,5.1,highway,low,18.2,2294,175.1,64.362,synthetic
van,diesel,1865,2835,6,358.8,80.4,15.0,urban,low,-4.6,1069,320.5,65.989,synthetic
van,petrol,2856,1906,11,428.1,85.9,14.7,mixed,low,21.6,1328,346.9,114.803,synthetic
bus,diesel,6334,16820,12,365.0,93.1,32.3,highway,medium,42.6,2900,274.5,320.811,synthetic
van,petrol,2651,2778,2,399.6,90.5,0.3,highway,low,2.7,1999,293.0,77.267,synthetic
bus,diesel,5073,13889,5,245.9,81.4,24.0,mixed,medium,23.7,3038,171.8,162.215,synthetic
truck,diesel,4194,7088,12,135.6,59.6,8.0,mixed,medium,43.1,4348,146.2,71.991,synthetic
car,petrol,1964,803,14,47.4,108.5,36.3,mixed,medium,38.0,62,30.0,11.054,synthetic
bus,diesel,6078,10453,15,164.8,71.2,11.8,urban,low,37.5,4720,126.6,123.705,synthetic
car,diesel,2306,1505,11,469.7,38.2,117.2,urban,high,36.1,401,772.8,229.481,synthetic
truck,diesel,4356,6488,3,631.0,46.4,26.3,urban,medium,10.5,1322,832.2,380.963,synthetic
car,petrol,2155,1709,2,143.7,82.4,72.2,urban,high,39.5,411,100.8,53.614,synthetic
truck,petrol,4903,8225,11,95.8,103.2,23.2,urban,medium,42.1,9268,56.4,91.743,synthetic
truck,diesel,5707,8069,2,601.9,36.1,5.8,highway,low,19.8,8265,1196.1,382.339,synthetic
truck,diesel,4820,7723,13,251.1,27.4,7.0,mixed,low,12.7,1171,613.9,126.305,synthetic
truck,diesel,4794,5210,1,761.7,99.3,83.5,mixed,high,15.7,11932,455.4,790.042,synthetic
car,diesel,1867,1572,10,574.3,102.4,37.7,mixed,medium,11.7,99,364.1,124.084,synthetic
car,petrol,2124,1675,2,268.1,44.9,8.9,mixed,low,5.6,364,349.2,46.491,synthetic
van,petrol,3440,3151,12,238.7,54.0,35.0,highway,medium,25.9,236,287.6,72.591,synthetic
car,diesel,1110,988,11,423.7,79.4,35.2,highway,medium,23.1,398,374.2,45.632,synthetic
van,petrol,1891,2428,13,72.5,49.7,23.2,mixed,medium,18.1,253,93.4,14.612,synthetic
car,petrol,2406,1276,9,103.0,98.9,5.2,mixed,low,-0.2,118,69.9,24.684,synthetic
bus,diesel,5590,17543,0,148.9,29.7,84.0,urban,high,34.8,1707,311.9,195.303,synthetic
van,petrol,2845,2344,14,622.0,23.4,6.7,highway,low,3.7,562,1684.9,140.949,synthetic
truck,diesel,4706,15975,2,415.9,38.8,1.2,mixed,low,0.7,7735,713.7,285.902,synthetic
car,diesel,1140,1239,8,18.3,45.7,18.2,highway,medium,26.2,142,27.5,1.758,synthetic
truck,diesel,5420,9468,3,542.1,30.2,14.9,urban,low,14.9,14906,1183.8,571.583,synthetic
bus,diesel,6242,12559,14,344.7,25.9,6.7,highway,medium,-2.0,3110,952.4,259.081,synthetic
van,diesel,2330,1957,2,413.6,88.0,10.5,mixed,low,12.8,1503,323.1,83.356,synthetic
van,diesel,2321,3557,15,179.2,34.8,34.4,urban,medium,33.6,708,350.2,58.481,synthetic
truck,petrol,5595,8650,7,445.9,102.3,84.9,mixed,high,25.8,6722,301.8,550.574,synthetic
car,petrol,1109,1525,0,783.5,53.1,24.9,highway,medium,13.1,62,871.2,69.986,synthetic
van,diesel,3298,1950,4,68.0,80.4,29.8,urban,medium,4.6,1954,52.3,28.89,synthetic
car,petrol,1385,1755,0,234.3,40.3,20.0,mixed,medium,26.6,166,373.1,34.008,synthetic
car,petrol,1889,993,6,202.0,41.6,8.2,highway,medium,39.4,376,302.4,33.377,synthetic
car,petrol,2404,1683,4,206.4,71.7,116.2,urban,high,27.3,186,199.2,87.563,synthetic
car,diesel,2017,1609,14,309.2,70.5,6.5,urban,low,35.6,494,239.1,59.53,synthetic
car,petrol,1622,1768,1,656.3,89.2,86.5,mixed,high,21.1,86,425.1,148.478,synthetic
car,petrol,2034,1278,11,731.2,88.2,73.1,highway,high,30.9,1,579.2,187.872,synthetic
bus,diesel,5032,15274,15,169.7,80.4,6.9,urban,medium,39.8,3177,116.3,136.154,synthetic
van,petrol,2271,2616,13,438.9,60.4,14.3,mixed,low,33.7,2392,422.0,94.746,synthetic
bus,diesel,6990,9844,0,513.2,100.2,11.9,urban,low,40.5,3412,309.1,478.101,synthetic
van,diesel,3076,2775,10,422.2,76.0,10.2,highway,medium,16.6,397,374.9,100.658,synthetic
car,diesel,1967,966,14,352.9,109.1,118.2,mixed,high,40.2,270,207.3,140.773,synthetic
van,diesel,2404,3960,6,161.7,93.7,30.8,urban,medium,26.1,2292,122.8,54.231,synthetic
van,diesel,1884,2012,11,395.7,24.0,7.1,highway,low,38.5,215,958.4,62.631,synthetic
car,petrol,1047,1389,0,327.0,48.9,9.2,urban,low,-3.0,83,466.5,33.159,synthetic
van,petrol,2742,3178,2,638.5,71.5,8.7,mixed,medium,27.9,2073,527.9,172.727,synthetic
car,petrol,2143,1338,10,613.2,84.9,24.6,highway,medium,37.4,447,421.8,119.397,synthetic
van,petrol,2714,3257,14,115.9,69.5,1.1,urban,low,3.7,1826,104.9,32.071,synthetic
van,petrol,3229,2056,5,79.9,90.8,8.2,mixed,low,28.1,2481,48.7,25.411,synthetic
car,petrol,1050,1355,14,727.4,45.4,24.3,highway,medium,36.2,45,975.2,60.334,synthetic
car,petrol,1550,1087,5,433.1,36.6,35.6,highway,medium,9.4,273,715.6,68.551,synthetic
truck,diesel,4093,19103,14,687.7,24.9,30.4,urban,medium,15.3,10590,1573.9,779.34,synthetic
van,petrol,2560,3477,6,55.9,71.6,45.0,mixed,high,23.5,1816,54.3,17.022,synthetic
car,petrol,1109,1773,10,425.9,82.0,36.1,highway,medium,21.0,397,316.7,44.634,synthetic
bus,diesel,6862,8376,13,436.1,49.4,8.6,mixed,low,-3.0,4629,633.4,373.589,synthetic
car,petrol,1335,1085,10,690.0,75.2,26.2,mixed,medium,-0.1,181,643.8,95.534,synthetic
van,petrol,3368,2230,0,87.1,24.7,36.9,highway,high,0.0,299,202.9,32.42,synthetic
bus,diesel,5278,8112,6,200.0,28.9,105.8,urban,high,8.1,2131,436.0,267.536,synthetic
car,diesel,2478,1042,1,331.2,83.2,113.1,mixed,high,7.3,336,258.2,131.377,synthetic
car,petrol,1831,1479,5,694.0,53.1,32.1,highway,medium,32.1,107,898.0,108.508,synthetic
car,petrol,2396,1031,12,751.7,80.4,114.1,urban,high,23.6,405,653.8,344.842,synthetic
car,petrol,1008,1309,7,794.3,94.9,50.2,urban,high,33.2,110,546.2,126.527,synthetic
car,petrol,2122,1688,12,767.8,96.7,35.1,highway,medium,-1.5,5,433.6,168.702,synthetic
van,diesel,3335,3326,4,14.7,35.5,7.3,highway,low,19.3,1369,25.9,3.841,synthetic
car,petrol,1210,1195,9,47.7,63.8,36.4,highway,high,11.2,363,52.3,5.806,synthetic
van,petrol,1963,2619,2,126.6,86.1,28.4,highway,medium,37.5,1004,98.4,22.343,synthetic
bus,diesel,5274,12557,10,285.6,89.7,10.3,highway,low,30.4,3870,221.9,139.901,synthetic
truck,diesel,5834,7656,7,665.6,90.6,4.3,mixed,low,38.5,7138,485.8,458.043,synthetic
van,diesel,2722,3195,7,715.2,40.5,6.0,mixed,medium,-2.7,595,966.8,214.557,synthetic
car,petrol,1791,1164,3,157.6,37.3,12.0,highway,medium,31.0,45,301.6,25.213,synthetic
van,diesel,2040,3675,7,499.5,73.1,6.0,urban,low,22.0,1834,481.9,102.045,synthetic
van,petrol,1801,3464,4,734.7,86.7,10.9,highway,medium,36.3,1087,476.9,107.02,synthetic
van,petrol,3177,3143,12,376.3,48.7,39.4,highway,high,20.4,2299,432.8,160.398,synthetic
car,petrol,1131,1164,10,91.8,29.4,18.7,highway,medium,22.0,270,198.8,10.541,synthetic
truck,diesel,5085,8149,4,371.7,84.5,14.4,urban,low,-2.4,5878,297.4,256.88,synthetic
van,diesel,3355,3508,2,306.9,47.0,31.7,mixed,medium,28.4,1003,397.7,110.266,synthetic
car,petrol,1313,1286,14,466.3,35.0,4.8,urban,low,8.7,66,752.8,65.128,synthetic
car,petrol,1998,1025,6,356.5,33.3,38.3,urban,medium,-4.0,297,676.7,98.749,synthetic
van,petrol,1934,2229,10,23.7,48.3,27.6,highway,medium,-1.7,1539,29.5,4.637,synthetic
truck,diesel,5009,7481,13,795.3,73.3,65.5,highway,high,42.9,12200,654.2,745.622,synthetic
truck,diesel,3910,16657,10,439.4,52.3,21.4,mixed,medium,12.3,3817,551.7,244.888,synthetic
truck,diesel,5340,8435,8,384.2,21.9,6.2,highway,low,38.4,5071,1229.2,233.957,synthetic
car,diesel,1452,1327,8,764.1,28.7,13.2,mixed,medium,43.0,49,1704.2,124.973,synthetic
van,diesel,2588,2793,0,133.1,46.1,18.5,highway,medium,42.2,879,191.5,29.109,synthetic
van,diesel,2819,3075,0,159.5,79.4,72.8,urban,high,39.1,1185,132.4,75.835,synthetic
car,petrol,1257,1677,9,648.3,28.9,72.8,mixed,high,39.7,482,1435.6,135.699,synthetic
car,petrol,2112,1668,11,216.1,70.5,11.4,highway,low,9.5,327,182.7,30.235,synthetic
truck,diesel,4257,11766,11,641.4,30.8,5.4,urban,low,2.6,11960,1266.5,552.714,synthetic
car,diesel,1994,815,10,224.5,39.0,10.8,mixed,low,27.0,163,343.2,40.463,synthetic
van,diesel,2069,2738,14,36.2,35.5,77.8,highway,high,19.4,532,71.9,10.537,synthetic
car,petrol,2032,1406,4,418.4,26.1,14.4,mixed,low,-0.1,128,1106.4,80.932,synthetic
car,diesel,1192,1358,0,165.4,80.4,5.8,highway,low,28.9,128,132.5,12.927,synthetic
car,petrol,1638,1451,3,608.7,61.7,36.5,highway,medium,23.1,292,694.7,83.492,synthetic
bus,diesel,4742,9541,11,516.5,94.8,12.3,highway,low,38.2,2037,381.2,228.757,synthetic
truck,petrol,5371,14698,0,739.6,28.9,9.6,mixed,low,25.5,13004,1809.4,677.969,synthetic
bus,diesel,4786,9827,14,628.6,33.0,27.9,highway,medium,23.7,4948,1103.7,376.244,synthetic
van,petrol,3299,3451,1,152.8,47.6,1.3,highway,low,17.0,990,214.9,33.824,synthetic
car,petrol,2338,1139,1,642.1,88.9,38.3,urban,medium,18.1,353,469.1,189.717,synthetic
van,petrol,2134,3362,15,517.0,47.5,30.7,highway,high,42.7,1712,731.2,155.975,synthetic
van,diesel,2844,1905,3,538.5,56.8,8.4,urban,low,1.9,647,557.3,156.026,synthetic
truck,petrol,3719,11118,7,667.5,47.1,16.6,highway,medium,17.3,13852,941.6,417.973,synthetic
car,diesel,1587,1505,1,463.3,27.2,63.0,mixed,high,27.8,100,1044.7,106.063,synthetic
van,diesel,3013,2299,13,378.1,104.5,81.0,urban,high,16.7,1895,249.6,229.072,synthetic
car,petrol,1989,1595,8,512.9,69.4,36.8,urban,medium,9.2,174,505.2,123.089,synthetic
car,diesel,1937,1431,14,245.4,90.9,21.0,highway,medium,9.4,184,156.0,45.711,synthetic
truck,petrol,4206,13813,11,154.3,79.3,14.8,urban,low,6.7,7376,111.5,94.132,synthetic
van,diesel,2443,2578,8,497.1,66.3,25.7,mixed,medium,12.2,2188,501.9,128.841,synthetic
car,diesel,1154,1282,1,194.7,28.1,36.1,highway,high,38.6,70,443.4,25.789,synthetic
car,petrol,2079,1397,0,73.1,77.8,11.7,highway,medium,20.3,27,60.2,10.899,synthetic
van,diesel,2657,2839,9,10.4,34.0,30.1,highway,medium,7.0,1125,20.7,2.817,synthetic
truck,diesel,5272,15475,14,490.6,57.3,0.8,mixed,low,14.2,1778,594.1,292.878,synthetic
truck,diesel,4122,11505,9,296.1,76.6,21.8,mixed,medium,0.3,10626,225.3,205.957,synthetic
bus,diesel,4973,10023,8,604.3,90.4,10.2,highway,medium,40.2,3921,427.8,349.659,synthetic
truck,diesel,4336,8209,14,306.4,81.7,20.2,highway,medium,15.4,12966,258.6,196.851,synthetic
car,diesel,1039,806,1,393.9,80.4,11.2,highway,low,44.0,372,341.4,26.406,synthetic
van,diesel,2380,2462,7,331.6,33.4,21.1,highway,medium,12.4,2308,587.2,83.115,synthetic
van,diesel,3166,3448,13,524.0,51.2,10.7,urban,medium,36.8,1921,572.3,210.991,synthetic
car,petrol,2346,1594,2,291.3,23.9,3.8,mixed,low,7.8,468,710.5,61.732,synthetic
truck,diesel,4796,8037,0,771.4,84.8,5.5,highway,low,-1.2,3704,646.4,298.125,synthetic
car,petrol,1683,1759,10,749.6,105.7,1.0,mixed,low,-3.4,250,441.8,113.374,synthetic
bus,diesel,4092,13024,0,679.9,43.8,25.5,urban,medium,25.3,4973,955.9,472.007,synthetic
van,diesel,3295,3817,9,737.0,27.9,26.3,mixed,medium,10.6,1768,1433.1,307.085,synthetic
van,diesel,1822,3355,1,364.8,62.8,26.2,urban,high,17.2,2221,319.0,92.375,synthetic
van,diesel,3406,3389,6,433.8,97.1,6.0,highway,low,35.9,270,295.0,118.437,synthetic
truck,diesel,4723,6276,11,596.3,69.7,61.4,mixed,high,7.4,13205,552.9,602.926,synthetic
van,petrol,2381,2284,5,560.0,24.2,16.7,highway,medium,10.4,1805,1488.6,132.547,synthetic
van,petrol,3371,1819,15,713.6,107.7,24.5,urban,medium,37.3,593,371.0,326.124,synthetic
car,petrol,1037,1516,11,575.9,94.6,5.2,mixed,low,19.6,13,367.4,46.628,synthetic
van,diesel,2788,2558,10,798.3,31.8,6.2,highway,low,36.4,798,1720.4,181.368,synthetic
car,petrol,1823,1587,1,285.3,103.0,99.8,urban,high,13.7,458,158.4,91.567,synthetic
truck,petrol,4048,10084,3,668.1,60.6,10.7,mixed,medium,14.9,10354,770.9,410.272,synthetic
van,diesel,2529,3603,1,561.1,53.5,26.7,mixed,medium,3.4,2315,589.6,160.406,synthetic
van,diesel,2909,2088,0,556.2,61.5,7.6,mixed,low,40.8,1226,515.9,141.813,synthetic
car,petrol,2091,973,11,267.4,95.1,50.5,highway,high,39.8,468,176.0,68.737,synthetic
car,petrol,1001,1141,2,630.6,79.4,10.9,mixed,low,44.2,231,564.4,48.559,synthetic
truck,diesel,5842,11127,14,721.3,25.3,24.3,mixed,medium,15.1,3860,1706.5,612.438,synthetic
car,diesel,1247,1149,3,182.7,106.2,21.7,mixed,medium,35.9,76,113.3,25.436,synthetic
car,petrol,1350,1564,9,504.1,33.3,28.4,mixed,medium,15.7,497,977.9,73.956,synthetic
car,petrol,1395,897,4,319.8,87.1,33.1,highway,medium,17.7,167,208.1,37.721,synthetic
bus,diesel,4113,11512,4,791.7,77.3,39.0,highway,medium,36.5,1220,599.2,369.898,synthetic
truck,diesel,3808,17559,14,388.3,36.9,82.9,urban,high,3.9,1118,744.8,393.731,synthetic
car,diesel,2480,867,6,190.4,35.4,107.4,mixed,high,6.0,143,308.6,81.522,synthetic
car,petrol,1473,1742,13,311.7,98.3,20.1,urban,high,10.7,445,210.8,75.002,synthetic
car,diesel,1173,1786,14,526.5,57.8,8.0,mixed,low,34.4,267,650.4,55.801,synthetic
truck,diesel,3767,6329,9,70.1,78.9,41.5,mixed,high,13.6,9854,49.9,53.507,synthetic
van,diesel,3023,2441,7,486.8,65.4,1.4,mixed,low,12.9,2321,455.7,120.483,synthetic
car,diesel,2282,1172,8,745.7,85.5,8.0,mixed,low,44.9,256,506.3,141.581,synthetic
car,petrol,1385,1576,11,681.8,63.1,94.7,mixed,high,14.2,419,626.2,135.567,synthetic
car,diesel,1031,1396,6,63.5,45.9,61.2,mixed,high,7.4,162,77.7,9.277,synthetic
van,diesel,2179,3218,4,794.8,52.7,28.5,mixed,medium,26.2,2447,990.6,195.726,synthetic
truck,petrol,3641,16363,8,562.0,97.3,69.0,highway,high,35.1,2103,389.4,317.02,synthetic
car,petrol,1155,918,7,138.2,62.1,63.7,highway,high,-1.5,362,147.2,17.686,synthetic
car,petrol,1647,1633,9,19.8,39.2,15.2,highway,medium,25.9,330,35.7,3.165,synthetic
car,diesel,1345,1506,8,145.3,104.1,18.4,highway,medium,-3.2,96,79.0,18.626,synthetic
bus,petrol,5548,13773,9,672.2,91.7,55.0,highway,high,21.3,2250,438.0,586.767,synthetic
car,diesel,1380,1690,15,27.1,25.0,9.7,mixed,low,7.8,156,65.2,3.745,synthetic
truck,diesel,5851,15505,7,194.2,109.9,1.7,mixed,low,10.3,2323,102.8,124.186,synthetic
van,petrol,3340,2244,5,608.3,82.5,29.3,highway,high,18.4,1545,416.8,215.731,synthetic
car,petrol,1850,1230,3,473.0,34.4,28.1,mixed,medium,41.4,497,862.4,103.576,synthetic
car,petrol,1532,1294,8,628.4,41.3,8.2,urban,low,30.5,280,1049.0,93.943,synthetic
car,petrol,1572,855,15,599.5,82.3,20.1,highway,medium,41.8,273,518.3,86.86,synthetic
van,diesel,2500,3900,11,50.0,90.2,10.3,mixed,medium,28.0,293,31.2,12.057,synthetic
truck,diesel,5319,6929,8,715.1,41.5,61.1,highway,high,-4.6,2949,1185.4,582.981,synthetic
van,diesel,2568,3334,9,189.4,43.1,32.6,mixed,medium,8.3,1380,302.3,60.81,synthetic
van,diesel,3256,2914,15,447.2,47.6,36.1,highway,medium,40.3,2466,572.6,158.572,synthetic
car,diesel,2416,826,9,519.0,73.8,90.3,urban,high,27.2,438,393.6,235.022,synthetic
bus,diesel,5008,17247,8,143.2,35.5,26.0,mixed,high,44.1,2031,290.0,128.139,synthetic
truck,diesel,4902,17778,13,781.2,29.4,28.5,highway,medium,2.8,8602,1749.5,650.15,synthetic
car,petrol,1143,1324,9,395.6,81.1,44.1,mixed,high,9.8,276,349.7,58.85,synthetic
bus,diesel,4601,10289,2,55.5,90.1,16.0,highway,medium,13.1,3584,38.6,26.399,synthetic
van,petrol,2503,2068,10,750.4,65.1,2.9,urban,low,11.3,1782,704.7,173.178,synthetic
van,petrol,2151,2599,11,473.2,52.7,11.6,mixed,low,7.6,2017,524.3,92.0,synthetic
truck,diesel,5691,8831,14,562.4,58.9,27.7,mixed,medium,17.2,1350,684.8,409.836,synthetic
truck,diesel,3896,12600,2,424.9,55.0,26.4,highway,medium,27.1,14212,452.7,250.415,synthetic
van,diesel,2575,3926,10,669.4,106.4,28.4,highway,medium,10.6,361,342.5,192.522,synthetic
car,petrol,1909,1375,5,36.2,89.1,13.3,mixed,medium,-1.0,238,25.7,6.763,synthetic
car,petrol,2038,1690,5,222.0,38.7,6.7,highway,low,30.4,460,348.5,35.026,synthetic
bus,diesel,5149,14509,14,381.0,54.6,9.5,urban,low,18.0,2695,409.8,272.881,synthetic
car,petrol,2304,1275,12,70.5,69.0,27.3,mixed,medium,22.8,32,66.9,15.421,synthetic
car,diesel,1852,1655,14,567.7,75.2,11.9,urban,low,17.8,115,457.3,98.032,synthetic
van,petrol,2547,2837,12,321.0,62.1,15.0,highway,medium,39.5,1531,316.4,67.627,synthetic
van,diesel,1914,3711,5,225.4,92.9,32.0,urban,medium,22.9,402,132.0,57.454,synthetic
van,diesel,2590,2441,4,12.7,89.1,20.4,mixed,medium,41.2,1174,9.2,3.729,synthetic
bus,diesel,6462,9288,13,578.7,65.5,28.5,urban,medium,20.5,1981,496.8,493.242,synthetic
car,petrol,1922,1655,4,668.7,96.9,21.0,mixed,medium,9.6,408,399.2,133.165,synthetic
car,diesel,2248,1387,1,322.1,87.6,114.9,highway,high,12.8,55,246.0,91.354,synthetic
car,petrol,1741,1689,13,455.7,90.1,37.9,highway,high,21.1,341,301.7,92.375,synthetic
truck,diesel,3796,19067,6,189.9,106.1,87.5,highway,high,21.5,6692,101.9,155.203,synthetic
van,diesel,1823,1918,11,501.5,44.0,25.2,urban,medium,29.4,1552,734.3,133.321,synthetic
car,diesel,1455,1301,3,19.6,44.1,2.6,highway,low,6.2,103,25.7,1.962,synthetic
truck,diesel,5245,10624,13,396.0,100.0,7.3,urban,medium,27.9,9536,233.2,381.244,synthetic
truck,diesel,5476,14388,2,518.9,89.5,99.9,mixed,high,33.9,10436,377.9,719.893,synthetic
truck,diesel,4239,16904,7,735.4,103.4,2.4,mixed,low,28.8,1983,478.8,359.968,synthetic
bus,diesel,5487,10806,3,311.3,25.7,2.8,highway,low,19.1,4210,815.8,176.11,synthetic
car,petrol,1632,1357,14,614.5,76.5,14.7,mixed,low,44.6,431,503.5,86.121,synthetic
truck,diesel,4526,15631,10,482.2,33.0,30.1,mixed,medium,15.2,1890,908.0,341.984,synthetic
van,petrol,2193,2096,3,742.3,65.4,13.8,highway,medium,0.3,1587,774.5,130.169,synthetic
truck,petrol,3841,17211,7,324.7,34.0,8.9,highway,low,36.1,9316,548.6,163.65,synthetic
truck,petrol,3992,14092,0,262.1,31.5,73.4,urban,high,5.6,1174,471.7,224.31,synthetic
truck,diesel,3638,19243,8,710.8,21.1,34.6,urban,medium,30.7,5793,2222.8,564.856,synthetic
van,petrol,2137,2547,13,48.9,76.7,30.5,highway,medium,3.9,2429,39.1,10.981,synthetic
car,petrol,1014,908,15,117.7,52.3,34.1,highway,medium,-4.2,278,150.3,11.147,synthetic
van,diesel,2866,2914,6,75.1,29.5,3.2,highway,low,3.0,2346,149.4,18.178,synthetic
bus,diesel,4949,8858,14,676.1,49.1,27.4,mixed,medium,13.8,3540,824.8,494.478,synthetic
bus,diesel,6919,17695,11,18.4,35.2,6.4,mixed,medium,0.3,628,36.6,18.49,synthetic
car,petrol,1291,839,1,690.7,104.8,7.4,urban,medium,4.9,39,406.1,112.601,synthetic
car,petrol,1519,1554,10,366.5,48.8,91.4,mixed,high,33.2,361,485.4,90.455,synthetic
car,petrol,1537,1325,15,13.2,50.1,5.9,urban,medium,33.5,277,14.7,2.366,synthetic
truck,diesel,3521,10529,11,327.3,95.6,8.7,mixed,low,35.9,2780,195.9,144.83,synthetic
truck,diesel,5598,5988,5,157.6,78.3,34.4,highway,medium,37.1,9597,110.0,115.264,synthetic
car,petrol,1048,1422,7,503.3,83.9,58.0,urban,high,16.0,405,369.7,82.651,synthetic
van,diesel,3398,3087,10,546.7,77.2,0.7,highway,low,38.4,1932,508.2,137.997,synthetic
truck,diesel,5730,9213,4,395.1,105.2,10.7,urban,low,21.3,4446,262.0,312.256,synthetic
truck,diesel,4839,18653,5,42.0,38.6,37.5,highway,medium,18.5,4615,71.1,28.813,synthetic
van,petrol,2724,2469,11,528.3,109.0,30.1,highway,medium,30.9,2426,336.8,148.673,synthetic
van,petrol,2911,2789,9,675.2,94.8,8.7,highway,low,5.7,2241,460.9,176.211,synthetic
van,petrol,2458,2996,7,579.1,73.0,13.1,urban,medium,34.5,932,480.9,162.853,synthetic
car,petrol,1971,900,12,665.7,79.6,5.5,mixed,medium,16.5,412,477.6,125.557,synthetic
van,petrol,1876,3851,5,168.4,78.4,89.5,urban,high,1.4,572,141.3,62.436,synthetic
van,diesel,1892,2624,11,712.2,25.3,3.5,mixed,low,1.0,653,1620.8,130.321,synthetic
truck,diesel,4643,6212,8,264.5,39.6,105.8,mixed,high,3.2,3537,410.7,264.29,synthetic
van,petrol,2734,2652,14,20.6,106.5,7.0,urban,low,39.5,402,13.3,6.254,synthetic
truck,diesel,5720,14003,11,676.3,68.1,23.6,highway,medium,44.5,12965,559.4,603.585,synthetic
car,petrol,1157,1314,8,754.0,54.1,31.4,mixed,medium,12.8,289,785.7,93.045,synthetic
van,petrol,3199,3328,8,527.9,88.6,32.3,highway,medium,9.6,796,345.9,168.668,synthetic
car,petrol,1315,855,5,192.8,67.2,84.3,mixed,high,5.9,424,183.4,36.978,synthetic
car,diesel,1591,1085,11,208.9,21.2,14.1,urban,low,36.2,401,577.1,38.379,synthetic
truck,diesel,4292,17288,14,378.6,86.3,39.4,urban,medium,5.5,2413,276.8,320.1,synthetic
bus,diesel,5200,8799,11,719.3,85.9,14.2,highway,low,41.2,3399,497.7,380.469,synthetic
car,petrol,1226,1655,8,128.2,34.9,33.8,urban,medium,28.4,361,232.0,21.201,synthetic
van,diesel,2656,2002,2,662.5,106.1,10.6,mixed,low,39.9,1846,368.4,169.611,synthetic
truck,diesel,5504,17517,4,240.1,40.2,86.3,mixed,high,22.7,11124,428.4,356.739,synthetic
car,petrol,1662,1161,1,648.8,61.2,30.4,mixed,high,29.5,85,666.5,120.171,synthetic
van,diesel,2634,3147,11,737.0,30.3,47.1,highway,high,26.0,925,1637.7,241.397,synthetic
truck,diesel,5622,7293,12,347.7,74.3,0.1,urban,low,36.6,12818,311.7,310.756,synthetic
van,diesel,3000,1946,12,298.4,53.8,9.8,highway,medium,36.8,2266,348.5,74.837,synthetic
car,petrol,1736,1016,7,643.8,51.8,6.6,mixed,low,24.5,140,724.7,88.159,synthetic
car,petrol,1387,928,10,428.3,94.4,34.7,highway,high,26.6,12,286.6,65.047,synthetic
truck,petrol,5712,9686,12,550.7,20.9,36.6,urban,medium,41.1,13037,1749.2,870.217,synthetic
van,diesel,2781,2932,3,502.0,91.8,33.2,mixed,medium,41.5,1067,340.5,154.033,synthetic
car,petrol,1332,1389,5,130.8,71.4,7.5,urban,medium,28.2,165,101.6,18.287,synthetic
truck,diesel,4173,16848,5,677.4,108.7,3.7,urban,low,-4.6,5858,338.4,463.495,synthetic
car,petrol,2205,1456,15,164.7,73.0,33.7,highway,medium,0.2,208,135.0,34.291,synthetic
truck,petrol,3610,14131,4,746.5,25.0,12.0,urban,low,37.9,6296,1694.3,458.122,synthetic
car,petrol,2488,1212,11,208.0,24.6,114.5,mixed,high,-0.8,283,595.4,102.821,synthetic
bus,petrol,4391,12738,11,589.8,99.5,119.8,urban,high,5.7,855,338.9,645.561,synthetic
car,petrol,2194,1215,0,234.9,95.7,39.2,highway,medium,6.5,486,149.9,45.148,synthetic
car,diesel,1592,1642,10,261.1,51.1,61.0,highway,high,25.0,468,341.1,50.9,synthetic
car,petrol,1738,1030,6,254.9,75.6,13.8,highway,medium,23.8,467,231.5,33.724,synthetic
car,diesel,2321,806,9,600.8,64.1,95.8,urban,high,9.5,440,587.1,241.798,synthetic
truck,diesel,4532,14770,14,449.9,107.0,15.5,highway,medium,5.4,10245,240.7,343.642,synthetic
bus,diesel,5612,10025,7,707.5,105.5,33.2,urban,medium,33.2,1495,394.9,685.337,synthetic
car,petrol,1074,1690,0,252.8,108.5,23.7,urban,medium,41.8,25,143.3,35.968,synthetic
van,diesel,1804,3690,9,556.7,98.0,11.9,mixed,low,-2.4,428,344.1,93.515,synthetic
truck,petrol,4112,6151,6,604.8,101.9,14.7,highway,medium,1.7,5536,357.9,276.833,synthetic
truck,diesel,5201,6596,3,129.7,39.6,7.6,mixed,low,27.1,8054,184.8,89.126,synthetic
van,diesel,2006,2889,5,326.5,94.8,76.4,urban,high,35.2,2484,242.6,117.229,synthetic
car,diesel,1171,1409,8,391.4,83.8,14.1,urban,low,34.6,218,254.7,44.693,synthetic
van,diesel,2499,2405,14,291.0,106.7,14.3,mixed,medium,31.0,1407,168.9,90.159,synthetic
van,petrol,2901,3377,15,264.5,71.4,113.7,highway,high,39.4,1799,265.3,122.662,synthetic
car,diesel,2068,1395,4,552.3,27.7,12.1,urban,low,5.9,90,1315.0,123.592,synthetic
van,diesel,2103,2515,7,180.5,73.8,30.6,highway,medium,0.4,2346,147.8,35.667,synthetic
car,diesel,1119,825,15,570.4,81.8,32.5,urban,medium,25.8,265,394.9,76.608,synthetic
truck,diesel,5851,16252,15,748.7,39.8,9.1,urban,low,36.1,4868,1341.2,719.285,synthetic
car,petrol,1391,1015,4,456.5,55.5,44.4,highway,high,24.1,468,446.5,63.403,synthetic
van,diesel,3251,3636,1,493.0,73.9,2.8,mixed,low,43.1,1639,442.3,126.698,synthetic
van,diesel,3268,2725,3,64.5,53.7,13.0,urban,low,34.8,1312,83.9,22.672,synthetic
van,petrol,3113,3070,13,692.9,53.7,30.4,mixed,medium,30.0,1534,702.1,247.677,synthetic
car,diesel,1253,1673,1,235.5,32.0,12.5,highway,medium,-2.0,374,493.8,27.889,synthetic
van,diesel,3197,3700,6,495.9,104.7,81.5,highway,high,0.4,555,341.0,224.537,synthetic
van,diesel,3108,2617,6,783.5,87.5,64.8,mixed,high,34.2,2189,586.3,347.281,synthetic
van,petrol,2814,2260,13,480.4,20.1,10.6,highway,medium,4.9,2407,1468.3,157.644,synthetic
van,diesel,2373,3505,14,582.5,88.9,23.6,mixed,medium,-3.6,1504,456.9,155.506,synthetic
van,diesel,2246,2753,2,361.8,86.6,14.9,highway,medium,40.5,1769,267.3,70.151,synthetic
truck,diesel,3805,7881,13,57.7,20.9,1.4,highway,low,39.5,13038,186.5,30.163,synthetic
car,diesel,1765,1704,12,640.1,53.3,21.3,mixed,medium,5.9,187,776.1,126.03,synthetic
truck,diesel,4963,7972,6,37.6,74.6,79.0,mixed,high,34.0,14900,27.6,43.677,synthetic
van,petrol,2411,1857,14,563.5,60.7,6.6,urban,medium,-2.6,1765,536.5,161.085,synthetic
car,diesel,1713,820,0,28.1,90.0,6.0,mixed,low,9.3,212,17.3,3.863,synthetic
car,petrol,1545,1422,0,691.2,58.3,14.0,mixed,medium,26.2,339,663.1,96.838,synthetic
car,petrol,1962,1462,8,134.5,33.8,0.5,urban,low,33.2,261,215.7,26.95,synthetic
truck,diesel,5753,9666,5,416.3,107.9,9.4,mixed,medium,-4.5,2563,237.6,323.891,synthetic
truck,diesel,3910,9800,12,481.7,41.8,9.9,mixed,medium,11.3,12142,659.7,314.564,synthetic
truck,diesel,4454,10092,13,371.5,84.6,11.4,urban,medium,5.7,8901,304.8,277.281,synthetic
van,petrol,2039,3296,15,279.2,32.9,33.1,urban,medium,44.9,2030,573.1,101.684,synthetic
van,petrol,2862,1928,11,379.6,49.6,63.9,mixed,high,28.5,556,492.1,160.951,synthetic
car,diesel,2093,1729,4,256.0,59.8,2.2,highway,low,15.3,269,269.0,35.517,synthetic
car,diesel,2398,1023,12,356.1,37.3,30.0,highway,high,-1.2,383,559.5,97.245,synthetic
van,petrol,2274,3999,15,293.5,60.5,15.4,highway,medium,24.9,2473,303.5,67.1,synthetic
car,petrol,2425,972,5,457.3,34.1,99.8,highway,high,27.1,442,877.8,150.817,synthetic
car,petrol,1095,1572,5,198.0,70.3,17.8,highway,medium,35.8,432,191.7,14.663,synthetic
van,diesel,2825,2292,0,791.0,79.7,2.4,mixed,low,9.4,769,550.3,170.015,synthetic
truck,diesel,3643,6213,4,405.7,25.6,60.4,mixed,high,44.1,12732,1057.0,363.362,synthetic
bus,diesel,6681,16749,8,163.4,98.4,24.4,highway,medium,17.0,1262,111.9,129.392,synthetic
bus,diesel,5589,16588,3,386.9,36.7,0.4,mixed,low,9.8,1391,676.0,238.648,synthetic
van,diesel,2938,2688,2,694.5,40.3,9.4,urban,low,12.4,453,997.5,204.893,synthetic
van,petrol,3214,3345,0,27.2,79.5,18.8,urban,medium,21.0,2172,21.8,10.053,synthetic
van,diesel,2056,3026,13,546.8,62.2,5.3,urban,medium,41.8,449,554.4,130.091,synthetic
truck,diesel,3596,17794,14,442.9,64.9,28.6,mixed,medium,31.8,2934,426.6,212.529,synthetic
car,petrol,2318,1115,1,144.0,31.5,29.9,highway,medium,23.9,123,284.4,27.599,synthetic
van,diesel,2335,2952,2,655.8,92.5,27.0,highway,medium,3.1,1517,396.9,146.338,synthetic
truck,diesel,3822,12281,3,301.4,75.5,54.2,highway,high,2.5,13323,228.6,221.445,synthetic
car,diesel,1703,1154,6,242.1,32.2,23.5,mixed,medium,20.1,209,419.4,47.208,synthetic
van,diesel,2817,3761,5,664.2,53.7,5.8,mixed,low,31.4,1456,722.5,163.778,synthetic
van,diesel,1853,2165,10,514.4,92.9,90.1,highway,high,32.6,583,325.2,122.98,synthetic
car,diesel,1412,950,7,719.6,71.2,8.8,highway,low,6.3,133,590.8,60.098,synthetic
car,diesel,1049,1377,13,507.6,29.8,7.9,mixed,medium,0.0,67,985.2,57.218,synthetic
car,diesel,1631,1457,8,595.2,53.5,27.5,mixed,medium,14.2,205,747.4,103.132,synthetic
car,petrol,2343,995,14,670.8,41.8,29.1,urban,medium,40.9,295,1101.9,229.445,synthetic
car,petrol,2474,1191,5,53.2,66.6,5.6,mixed,low,22.3,142,47.9,9.889,synthetic
truck,petrol,5093,19198,6,623.1,95.9,13.1,mixed,low,11.0,12844,386.5,510.797,synthetic
car,petrol,1242,1047,3,494.8,59.3,34.5,highway,medium,11.2,491,577.7,50.393,synthetic
van,petrol,3340,3270,1,64.9,59.0,37.5,urban,high,1.6,476,71.8,30.595,synthetic
car,petrol,1774,1540,8,411.8,101.5,36.6,highway,medium,18.7,9,240.5,68.725,synthetic
bus,diesel,4461,12481,8,75.1,71.9,20.4,mixed,medium,34.6,4054,69.9,45.977,synthetic
car,petrol,2383,1738,14,591.4,71.0,30.3,urban,medium,43.4,95,501.8,181.441,synthetic
van,diesel,3088,3421,3,441.7,43.6,12.2,highway,low,20.1,1012,654.5,103.813,synthetic
truck,diesel,5329,11869,11,763.3,74.7,7.6,mixed,low,3.4,6519,734.4,492.193,synthetic
truck,diesel,5273,13540,2,154.7,71.8,6.0,mixed,low,29.1,13832,128.0,107.411,synthetic
car,diesel,1301,1493,9,488.8,55.7,37.0,highway,medium,32.8,329,620.6,53.293,synthetic
truck,diesel,4028,13883,13,177.1,109.2,3.5,highway,low,-1.4,1569,97.0,80.175,synthetic
van,petrol,2970,3733,10,495.1,99.4,3.9,highway,low,37.5,234,317.5,102.023,synthetic
van,petrol,2174,2585,5,580.9,87.5,17.7,urban,medium,36.5,659,413.6,139.241,synthetic
car,petrol,1658,1100,13,580.6,68.4,105.9,mixed,high,18.6,159,578.4,157.016,synthetic
car,petrol,2173,1014,13,653.9,61.6,113.9,urban,high,23.0,242,585.0,263.38,synthetic
truck,diesel,5460,5567,2,684.3,36.6,12.7,urban,medium,30.7,12730,1219.3,675.371,synthetic
van,petrol,2571,1895,0,71.0,47.5,13.0,mixed,low,28.8,924,101.2,16.196,synthetic
van,petrol,3147,3714,3,281.2,89.7,14.0,urban,medium,-4.2,1066,196.0,115.429,synthetic
truck,diesel,5597,15176,0,552.8,60.8,14.6,urban,low,1.1,5611,507.9,403.688,synthetic
truck,petrol,5137,14908,1,403.9,99.4,25.9,urban,medium,3.1,1126,237.3,319.243,synthetic
car,petrol,1343,1415,2,160.6,33.3,20.7,mixed,high,32.8,478,319.4,28.773,synthetic
van,diesel,2266,3668,7,446.6,65.8,6.2,highway,medium,17.0,520,476.3,77.315,synthetic
car,petrol,1472,1280,9,331.9,78.2,34.7,highway,high,22.3,144,261.3,50.394,synthetic
truck,diesel,3792,18056,3,318.1,66.5,11.6,highway,medium,33.6,2810,306.5,137.977,synthetic
van,petrol,2264,2591,3,649.7,100.0,31.9,mixed,medium,12.0,1328,377.4,150.179,synthetic
bus,diesel,4629,17267,12,332.0,109.1,3.3,urban,low,32.4,4695,187.0,246.096,synthetic
car,petrol,1683,1499,9,30.9,30.4,116.9,highway,high,17.1,50,61.0,7.998,synthetic
car,diesel,2363,1057,15,55.9,31.7,9.5,mixed,low,13.9,220,116.0,11.573,synthetic
car,petrol,1157,1364,8,686.4,31.7,89.3,mixed,high,11.7,11,1551.7,127.234,synthetic
car,petrol,2080,1333,6,768.9,81.3,12.6,mixed,medium,43.2,385,649.1,163.686,synthetic
car,petrol,2031,938,15,553.8,53.5,13.4,highway,low,33.6,321,594.4,82.093,synthetic
bus,diesel,4287,13912,1,297.9,86.0,86.8,mixed,high,-4.0,3649,223.0,236.511,synthetic
car,petrol,2384,1115,2,751.5,56.5,13.0,highway,low,42.9,236,734.2,131.109,synthetic
car,diesel,1853,852,3,533.6,76.5,115.6,highway,high,33.8,454,407.8,128.53,synthetic
truck,diesel,4409,19230,3,677.0,89.3,1.9,urban,low,2.5,6734,433.0,462.56,synthetic
van,petrol,3086,3211,9,615.0,69.3,29.7,urban,high,-1.2,1382,532.5,282.33,synthetic
truck,diesel,4143,18154,7,309.5,68.6,33.1,highway,medium,10.4,10734,299.0,203.907,synthetic
car,petrol,2040,1476,9,388.2,27.9,35.3,urban,medium,26.2,260,875.1,113.226,synthetic
van,diesel,1868,2585,13,157.0,57.0,25.4,mixed,medium,25.8,635,195.1,32.75,synthetic
car,petrol,2259,1313,9,240.7,69.1,5.5,urban,low,8.8,159,201.4,47.778,synthetic
car,diesel,1672,1476,5,624.7,61.6,85.3,urban,high,17.3,46,614.3,153.735,synthetic
bus,diesel,5910,17603,15,716.2,101.1,4.6,highway,low,5.6,2447,424.8,475.654,synthetic
car,petrol,1332,1054,2,582.3,101.6,13.3,mixed,medium,-2.5,305,333.9,84.836,synthetic
van,diesel,2951,3725,10,377.5,94.0,22.1,highway,medium,20.8,473,288.7,103.525,synthetic
van,diesel,3113,3833,8,78.3,53.8,12.6,urban,medium,12.3,1650,88.8,32.386,synthetic
car,petrol,1710,1470,9,55.0,84.6,7.3,highway,low,22.1,446,46.1,6.492,synthetic
truck,diesel,5044,18969,15,305.7,55.6,14.3,mixed,low,42.3,5728,335.7,218.344,synthetic
car,petrol,1684,1198,7,376.4,40.9,12.6,highway,low,2.2,111,530.4,52.677,synthetic
van,petrol,3320,3897,8,491.2,50.9,114.2,urban,high,-4.9,2254,542.2,356.362,synthetic
bus,diesel,5494,15028,14,15.1,26.4,12.1,urban,low,-1.2,3614,39.8,13.534,synthetic
van,diesel,3231,1892,15,791.9,49.9,55.5,mixed,high,18.1,442,866.8,337.776,synthetic
bus,petrol,6404,17069,4,297.5,61.5,12.2,highway,low,30.3,2337,345.4,181.515,synthetic
car,diesel,1616,1284,2,680.0,106.0,13.8,urban,low,24.0,337,394.7,110.519,synthetic
van,petrol,2191,2813,3,432.6,48.2,38.1,highway,medium,19.7,1521,524.6,92.298,synthetic
car,petrol,1609,1366,13,113.0,101.2,10.2,mixed,low,12.7,309,72.7,16.735,synthetic
truck,diesel,5566,7241,12,640.1,40.6,12.4,urban,medium,10.5,8940,889.1,649.05,synthetic
bus,diesel,4683,12692,11,570.8,37.2,24.0,urban,high,13.8,4091,848.7,568.846,synthetic
car,diesel,1787,1631,4,426.7,66.7,2.2,urban,low,25.6,160,440.7,66.304,synthetic
van,diesel,3170,1834,8,416.5,80.5,116.6,highway,high,3.4,1829,318.8,203.421,synthetic
car,petrol,1530,1073,8,79.1,24.0,21.2,highway,medium,33.6,496,208.8,12.875,synthetic
van,diesel,2892,1805,13,528.1,39.9,12.8,urban,low,23.8,1097,756.9,178.477,synthetic
van,diesel,2218,2715,2,729.9,61.0,7.0,mixed,low,8.5,2019,659.2,146.6,synthetic
bus,diesel,4328,15283,6,83.7,49.8,86.1,urban,high,20.1,1607,101.9,85.201,synthetic
van,diesel,3150,3557,15,218.2,84.1,0.4,mixed,low,43.1,848,163.7,63.985,synthetic
car,petrol,1148,1745,5,722.8,66.0,45.0,highway,high,-4.0,467,742.2,94.872,synthetic
car,petrol,1407,1409,14,234.6,34.4,20.3,mixed,medium,5.0,13,429.4,35.569,synthetic
car,diesel,2283,1055,3,526.6,100.5,9.5,urban,low,17.4,109,356.8,116.038,synthetic
car,diesel,1520,1724,15,432.5,46.4,11.0,urban,medium,26.9,241,523.1,78.367,synthetic
car,diesel,2460,1575,4,481.1,85.8,96.5,urban,high,5.6,201,309.2,206.708,synthetic
truck,diesel,5949,13616,13,338.5,90.2,17.8,mixed,medium,41.6,9808,213.4,371.15,synthetic
van,diesel,2256,3330,14,247.0,106.7,33.6,mixed,medium,27.1,643,157.2,66.479,synthetic
van,diesel,1870,3833,9,48.3,64.9,29.8,urban,high,38.9,362,50.4,13.629,synthetic
car,diesel,2058,1512,1,598.0,75.4,10.2,urban,low,11.5,185,448.3,107.291,synthetic
truck,diesel,4627,10526,10,599.4,50.1,49.3,highway,high,36.4,8341,652.2,483.95,synthetic
truck,diesel,3752,15695,6,539.9,81.0,99.5,highway,high,13.9,8868,441.9,428.757,synthetic
car,petrol,2061,840,13,518.5,61.7,19.1,highway,medium,7.6,301,583.1,98.659,synthetic
truck,diesel,3578,10796,3,202.5,59.4,86.5,urban,high,40.6,8681,230.5,180.375,synthetic
van,diesel,3279,2694,1,27.7,97.0,37.7,urban,medium,-0.4,765,16.4,12.183,synthetic
car,petrol,1208,967,10,648.9,24.5,5.7,mixed,medium,42.1,382,1707.4,83.122,synthetic
van,diesel,2016,1851,5,398.0,99.4,5.4,mixed,medium,17.9,402,270.9,77.625,synthetic
van,petrol,2099,2093,10,252.4,96.7,32.0,highway,medium,44.6,656,153.0,49.995,synthetic
car,petrol,2440,1455,11,90.5,65.6,27.6,mixed,medium,22.0,370,87.7,22.311,synthetic
bus,diesel,6080,16023,1,59.6,64.1,4.4,highway,low,32.9,1759,55.4,30.961,synthetic
truck,diesel,5503,19823,15,285.6,52.6,22.3,mixed,medium,-4.6,7909,315.5,305.605,synthetic
van,petrol,2476,2562,9,645.7,109.5,0.6,highway,low,19.8,953,421.5,122.372,synthetic
van,diesel,2372,3119,1,735.8,30.0,2.9,mixed,low,31.9,1366,1727.0,167.076,synthetic
van,diesel,2199,3862,6,718.4,73.1,19.9,urban,medium,34.1,997,609.4,188.494,synthetic
van,diesel,2617,2167,0,736.8,81.4,103.4,urban,high,2.9,2487,511.4,366.453,synthetic
van,diesel,2738,3379,6,727.1,104.1,21.8,mixed,medium,15.9,1022,468.7,215.81,synthetic
car,diesel,1948,1555,9,426.5,90.2,25.5,highway,medium,16.0,314,277.0,75.197,synthetic
van,petrol,2237,1996,4,183.3,77.9,13.1,highway,low,0.2,2243,134.1,31.072,synthetic
truck,diesel,5872,17919,0,640.5,30.5,15.8,urban,medium,17.2,9931,1277.6,813.491,synthetic
van,diesel,2089,3589,15,178.8,53.6,10.5,mixed,low,35.4,1501,211.8,36.903,synthetic
car,diesel,2448,833,5,221.1,32.5,12.9,urban,low,10.0,285,379.3,60.111,synthetic
truck,diesel,3537,6366,6,194.3,99.3,12.1,highway,medium,16.6,7950,125.8,79.535,synthetic
car,petrol,1722,849,0,416.8,87.5,17.5,urban,medium,43.0,404,258.7,80.846,synthetic
car,petrol,1500,1135,8,264.2,88.2,14.7,urban,low,-3.4,25,209.9,41.766,synthetic
car,diesel,1674,1309,14,131.8,78.7,39.4,urban,medium,24.6,443,118.2,27.751,synthetic
car,petrol,1856,1332,6,368.0,65.6,42.3,mixed,high,32.2,293,376.8,86.821,synthetic
truck,diesel,4589,9015,0,700.4,33.5,1.0,urban,low,33.0,12884,1304.7,541.441,synthetic
van,petrol,2505,3806,2,460.7,49.7,4.1,highway,low,30.8,224,543.4,73.797,synthetic
car,petrol,2099,1168,15,703.9,32.3,18.9,highway,medium,31.3,435,1467.6,151.933,synthetic
truck,diesel,5215,5683,4,164.7,85.2,6.6,urban,low,-2.0,2682,136.8,97.013,synthetic
truck,petrol,5583,9503,3,141.9,34.4,81.9,mixed,high,21.7,11097,234.4,179.44,synthetic
truck,diesel,4125,12967,1,464.7,83.2,36.5,highway,medium,34.1,6831,348.5,244.627,synthetic
car,petrol,1914,1208,15,376.0,82.3,16.6,mixed,medium,-0.3,341,272.6,70.741,synthetic
van,diesel,2795,2402,14,531.5,61.3,34.7,highway,medium,-4.4,1645,523.6,154.032,synthetic
bus,diesel,5109,9313,0,637.8,32.2,8.3,urban,medium,35.7,1235,1215.3,456.384,synthetic
truck,diesel,4715,17287,3,603.5,48.3,0.6,highway,low,30.6,8205,888.2,307.431,synthetic
car,petrol,1471,1796,6,754.4,48.8,70.4,mixed,high,15.6,139,906.6,165.443,synthetic
car,petrol,1213,1130,10,324.6,83.0,7.1,mixed,medium,42.0,280,245.8,39.323,synthetic
van,petrol,2163,2640,3,173.0,30.2,5.9,highway,low,33.3,1897,407.1,30.39,synthetic
bus,diesel,4317,14180,8,445.2,94.6,36.4,mixed,medium,43.4,866,294.4,254.656,synthetic
van,diesel,2961,3381,15,97.5,88.5,3.6,highway,low,41.5,1386,76.6,22.309,synthetic
van,diesel,2923,2662,13,238.2,36.8,10.6,mixed,low,19.1,1621,356.7,66.967,synthetic
car,diesel,2426,1705,7,174.2,84.7,15.6,mixed,medium,32.7,148,146.3,43.298,synthetic
van,diesel,3040,3032,7,323.3,80.2,6.6,mixed,medium,28.5,2392,231.4,92.989,synthetic
truck,diesel,3630,11756,4,97.9,87.3,24.5,mixed,medium,35.6,8284,80.3,55.606,synthetic
car,petrol,2326,1447,11,35.2,37.0,12.5,mixed,low,34.4,91,54.3,7.554,synthetic
truck,diesel,5657,19292,14,528.9,34.2,19.3,mixed,medium,2.7,2509,959.2,517.917,synthetic
bus,diesel,5330,15946,0,492.1,41.3,9.3,highway,low,6.7,2937,709.9,262.246,synthetic
car,diesel,1879,840,14,569.6,52.9,36.5,highway,medium,8.3,188,665.1,103.928,synthetic
van,diesel,3459,2531,8,531.7,91.4,32.6,urban,medium,35.9,643,340.3,238.04,synthetic
car,petrol,1798,1271,1,100.3,86.4,11.8,mixed,medium,35.5,15,82.8,15.809,synthetic
truck,diesel,5763,9718,5,240.0,103.3,93.3,urban,high,19.8,8932,138.2,389.44,synthetic
van,petrol,1941,3340,9,112.3,25.3,70.2,highway,high,24.0,1577,292.2,33.372,synthetic
van,diesel,2125,3618,15,675.9,21.0,94.6,mixed,high,36.3,526,1814.3,290.465,synthetic
truck,diesel,4602,15970,13,600.1,82.9,69.5,mixed,high,10.6,9424,498.1,662.335,synthetic
car,petrol,1877,1789,4,169.2,45.1,32.8,urban,high,-2.5,476,239.0,47.068,synthetic
bus,diesel,6449,10725,9,279.6,50.1,77.0,highway,high,19.1,4902,400.1,291.088,synthetic
van,diesel,3480,3725,12,773.6,69.2,69.2,highway,high,40.7,2244,688.8,347.354,synthetic
car,petrol,1583,1567,14,479.4,29.2,23.1,highway,medium,34.5,404,943.7,77.889,synthetic
van,diesel,1881,2597,7,642.9,77.8,13.2,mixed,low,13.3,682,497.4,109.713,synthetic
truck,diesel,5503,16012,10,219.0,49.3,13.4,mixed,low,-1.8,3190,299.1,151.965,synthetic
car,petrol,1907,904,2,175.9,76.9,65.4,highway,high,26.8,222,150.6,37.054,synthetic
truck,diesel,3996,16840,5,629.3,95.1,21.0,urban,medium,36.7,9675,450.2,512.158,synthetic
bus,diesel,5484,13323,5,551.8,35.4,71.5,mixed,high,28.2,4328,862.4,637.897,synthetic
car,diesel,2113,1092,9,548.0,103.8,23.2,highway,medium,16.3,116,340.3,108.528,synthetic
bus,petrol,6311,14558,2,446.6,67.8,38.3,urban,medium,1.2,2658,466.5,433.58,synthetic
car,diesel,1749,1442,11,455.2,103.1,27.7,mixed,medium,40.5,324,247.1,92.845,synthetic
car,diesel,1458,1009,11,591.2,38.7,47.7,mixed,high,8.8,223,851.0,124.885,synthetic
car,petrol,2461,830,14,223.3,74.4,8.0,urban,low,6.2,227,200.8,54.27,synthetic
truck,diesel,5158,11504,11,288.7,56.3,82.7,mixed,high,35.8,4152,305.7,318.546,synthetic
van,diesel,2494,3053,6,698.6,89.7,84.0,highway,high,44.1,2469,513.0,221.357,synthetic
car,petrol,1421,1677,10,254.0,74.5,25.5,highway,medium,28.0,238,217.5,31.957,synthetic
van,diesel,3043,3842,3,441.6,64.5,11.2,highway,medium,26.2,1425,491.2,101.355,synthetic
van,diesel,2212,2963,4,565.1,102.2,0.5,urban,low,11.0,703,387.2,132.453,synthetic
car,diesel,1258,1554,8,799.9,53.9,5.1,highway,low,-4.0,257,981.8,80.867,synthetic
truck,diesel,4825,11590,5,353.9,39.8,20.0,highway,medium,4.6,4575,522.0,211.488,synthetic
truck,diesel,4225,16191,15,348.2,74.7,0.9,mixed,low,24.2,3833,273.6,168.562,synthetic
van,petrol,2869,2251,9,675.6,76.2,12.2,urban,low,2.6,834,619.9,192.566,synthetic
bus,diesel,4354,11711,14,646.3,59.5,54.4,highway,high,39.2,512,700.8,403.077,synthetic
van,diesel,2913,3195,12,587.5,63.8,37.0,highway,medium,4.4,1511,628.2,170.385,synthetic
bus,petrol,4850,8182,3,376.0,106.4,10.4,urban,medium,21.1,2244,219.5,253.379,synthetic
van,petrol,1800,3389,7,265.9,85.9,0.9,highway,low,20.6,2267,172.8,35.864,synthetic
van,diesel,2016,3638,15,490.9,30.0,68.2,urban,high,25.2,294,983.1,185.235,synthetic
car,petrol,2400,1199,8,702.2,39.1,38.9,mixed,high,11.4,22,1022.1,227.186,synthetic
truck,diesel,5668,11719,9,708.2,107.8,37.8,highway,medium,38.7,13402,447.2,717.069,synthetic
van,petrol,2197,3673,4,95.7,85.4,21.0,highway,high,17.2,491,74.7,21.76,synthetic
car,petrol,2168,1576,1,348.4,102.4,61.3,highway,high,30.0,1,189.2,86.521,synthetic
car,petrol,1913,1088,14,377.1,47.3,37.4,highway,medium,26.8,89,519.2,68.568,synthetic
van,diesel,3451,2513,14,782.3,86.8,18.5,mixed,medium,0.9,2095,628.7,315.783,synthetic
van,diesel,2435,3294,5,545.6,84.3,1.4,urban,low,26.1,2046,431.0,135.928,synthetic
truck,petrol,5204,13448,10,331.7,46.5,4.5,urban,low,22.5,5762,450.6,256.265,synthetic
truck,diesel,3659,7433,14,30.6,69.6,7.5,mixed,low,39.9,10352,26.2,13.937,synthetic
car,petrol,1594,1110,11,456.7,76.5,2.8,highway,low,39.0,254,417.8,47.597,synthetic
truck,diesel,5910,18500,7,85.9,63.3,7.0,highway,low,2.5,13666,83.6,68.173,synthetic
car,diesel,1808,1488,12,669.2,94.4,103.6,mixed,high,-0.9,28,491.7,203.247,synthetic
truck,petrol,4220,19790,4,604.5,95.0,13.1,mixed,low,9.7,12385,433.5,450.131,synthetic
truck,diesel,3801,16505,0,373.8,96.6,24.9,urban,high,44.3,3388,265.9,306.056,synthetic
van,diesel,2996,3872,7,349.1,92.3,10.6,urban,medium,-3.9,1101,271.6,126.02,synthetic
truck,diesel,5112,8243,8,718.9,63.9,4.1,mixed,low,28.6,3687,758.8,375.277,synthetic
car,diesel,1561,1571,0,237.9,54.3,25.8,highway,medium,25.4,351,239.1,31.954,synthetic
van,diesel,3417,1844,7,206.7,94.8,5.4,highway,low,27.3,1760,125.8,50.65,synthetic
truck,petrol,3556,15061,9,752.0,64.1,104.4,highway,high,5.9,8671,640.7,580.282,synthetic
van,petrol,2316,2832,11,649.3,42.2,91.7,urban,high,6.3,1806,884.0,329.737,synthetic
car,diesel,2382,1147,1,658.3,65.7,1.5,highway,low,16.5,320,552.5,92.28,synthetic
van,petrol,2346,3697,3,164.2,32.8,82.5,urban,high,-0.2,1986,315.9,79.063,synthetic
truck,diesel,4131,17814,12,123.2,82.2,9.0,mixed,medium,-1.3,4352,81.7,76.044,synthetic
car,petrol,1801,822,14,30.6,50.2,3.8,urban,low,-0.6,214,38.0,5.831,synthetic
car,petrol,2236,1410,14,197.3,43.5,11.2,highway,medium,23.6,76,318.5,37.249,synthetic
truck,petrol,3758,10517,1,621.6,106.1,11.1,urban,medium,14.9,7014,395.4,430.828,synthetic
truck,diesel,5858,11235,1,199.6,89.9,9.2,mixed,low,9.7,10824,157.6,142.139,synthetic
car,diesel,2193,1632,9,586.0,90.8,76.4,highway,high,10.8,346,374.7,174.527,synthetic
car,petrol,1272,1110,2,209.0,76.1,2.6,highway,low,5.4,355,174.5,17.522,synthetic
car,petrol,2068,1743,13,322.3,95.5,39.7,urban,medium,15.6,154,201.5,88.635,synthetic
car,diesel,1577,980,7,786.7,88.3,6.3,highway,low,5.2,331,560.1,92.066,synthetic
van,diesel,2484,3258,3,203.4,73.9,29.7,mixed,high,29.9,1045,176.3,57.53,synthetic
truck,diesel,5458,15082,6,307.3,106.5,32.1,urban,high,1.2,14223,157.7,518.737,synthetic
van,petrol,3437,2355,11,247.9,37.2,8.8,highway,low,42.4,990,387.3,71.464,synthetic
van,diesel,2015,2514,9,96.6,104.9,39.3,mixed,medium,-0.5,1587,61.4,25.602,synthetic
car,petrol,1631,1635,2,397.0,56.1,8.6,urban,low,42.2,375,480.4,59.452,synthetic
truck,diesel,4702,16427,9,309.2,67.6,114.9,highway,high,36.7,13690,294.0,353.588,synthetic
van,diesel,2440,2524,11,559.0,31.0,6.7,highway,low,29.0,1207,1060.0,114.871,synthetic
bus,petrol,5090,13340,13,655.9,68.6,63.6,urban,high,40.6,2122,585.9,659.871,synthetic
van,diesel,1889,1936,14,440.0,75.0,70.0,highway,high,2.0,1189,326.9,106.14,synthetic
car,petrol,2028,1009,13,35.4,109.8,29.4,highway,medium,3.8,162,23.0,7.113,synthetic
van,diesel,2542,2869,15,498.9,107.8,5.5,highway,low,7.6,1704,322.4,117.338,synthetic
car,diesel,1292,886,12,53.8,107.0,35.2,highway,medium,7.2,466,27.7,7.703,synthetic
van,diesel,3187,3655,10,496.9,51.4,6.0,mixed,medium,10.5,490,551.5,161.586,synthetic
car,petrol,2204,1518,13,551.2,109.2,20.4,mixed,medium,23.8,280,325.3,146.374,synthetic
car,petrol,1730,1744,2,166.2,61.0,22.9,mixed,medium,-3.6,449,158.6,28.104,synthetic
truck,diesel,4246,15402,1,657.3,96.7,26.2,urban,medium,14.1,2402,481.5,432.234,synthetic
car,petrol,1957,1740,12,729.8,39.5,14.7,mixed,medium,7.3,247,1249.9,154.2,synthetic
truck,diesel,4220,13318,11,652.3,65.5,62.7,highway,high,25.3,13113,586.6,561.661,synthetic
car,diesel,1354,1400,5,251.0,106.9,7.3,highway,low,44.3,450,127.0,24.125,synthetic
van,diesel,3042,3949,5,473.4,105.2,29.0,urban,medium,20.9,1383,307.7,209.58,synthetic
van,diesel,1869,3213,0,732.7,81.5,97.4,urban,high,16.3,257,553.9,236.25,synthetic
van,petrol,1961,1868,6,263.3,91.8,11.1,urban,low,13.4,443,188.1,55.333,synthetic
car,petrol,1010,1524,11,657.8,35.9,17.0,highway,medium,34.2,293,1084.8,64.703,synthetic
car,diesel,1229,1705,13,17.5,84.9,119.9,highway,high,-1.4,62,11.6,3.144,synthetic
car,petrol,1103,1596,13,12.9,75.6,34.7,urban,medium,43.0,75,11.3,1.745,synthetic
car,diesel,2494,1384,3,610.2,28.2,3.9,mixed,low,15.9,386,1341.9,145.904,synthetic
van,petrol,2291,3277,12,611.5,30.2,2.9,urban,low,10.7,1927,1179.8,187.769,synthetic
bus,petrol,4448,17902,10,633.3,29.8,16.0,highway,medium,43.7,4292,1201.8,396.831,synthetic
truck,diesel,4102,6360,11,744.7,85.2,6.8,mixed,low,41.8,2480,563.4,325.251,synthetic
truck,diesel,5840,15009,2,103.1,32.8,105.1,highway,high,27.1,3774,211.2,113.424,synthetic
truck,petrol,4800,9251,12,193.3,62.1,32.2,highway,medium,-4.1,12661,184.0,137.818,synthetic
van,diesel,2420,3208,12,723.9,52.1,12.8,highway,low,32.4,1859,933.7,140.735,synthetic
car,petrol,2310,1408,7,150.0,69.5,47.2,mixed,high,11.8,403,123.6,43.891,synthetic
bus,diesel,5185,9535,1,549.0,83.6,25.8,mixed,medium,14.4,4954,394.7,353.11,synthetic
van,petrol,2370,2255,8,429.1,81.6,4.2,urban,low,2.9,2188,354.3,114.962,synthetic
van,petrol,2152,3168,12,75.7,66.4,8.8,highway,medium,21.2,1397,75.1,14.422,synthetic
car,petrol,1567,928,7,235.4,61.8,10.3,highway,low,32.2,155,224.2,25.775,synthetic
van,petrol,2338,2383,15,421.1,55.8,34.3,highway,high,8.7,1510,424.1,115.328,synthetic
van,petrol,2951,3638,7,683.4,97.6,28.4,mixed,medium,41.9,1669,383.5,255.594,synthetic
truck,diesel,4224,9906,12,569.0,49.8,84.8,urban,high,4.7,5694,789.6,525.405,synthetic
van,diesel,2781,2874,2,501.3,43.3,33.4,highway,medium,-1.7,1973,640.2,144.426,synthetic
car,petrol,1099,1741,12,401.9,86.9,34.0,mixed,high,27.2,46,259.3,57.307,synthetic
bus,diesel,4574,10271,3,246.0,52.4,11.8,urban,low,37.5,4007,273.7,131.411,synthetic
car,diesel,1611,1190,1,104.2,96.2,119.9,mixed,high,42.7,16,67.2,28.184,synthetic
van,petrol,3393,3134,1,333.2,49.5,105.1,mixed,high,33.4,1345,459.1,192.145,synthetic
car,diesel,1566,1555,3,32.5,83.2,31.3,highway,medium,5.0,431,22.9,4.024,synthetic
truck,petrol,5160,18525,5,176.7,24.1,86.2,mixed,high,43.9,2211,468.5,201.331,synthetic
bus,diesel,4765,17155,4,351.7,54.7,62.2,urban,high,41.0,2830,357.6,411.059,synthetic
car,diesel,1191,1577,14,340.7,50.9,93.1,highway,high,3.2,80,417.5,55.135,synthetic
truck,diesel,3646,8425,0,45.0,93.5,30.3,mixed,medium,22.9,13527,27.5,29.857,synthetic
car,diesel,1458,825,15,475.4,107.0,27.1,urban,medium,22.8,416,256.7,100.987,synthetic
bus,diesel,4473,11838,12,444.3,61.5,99.6,highway,high,17.1,4703,437.9,361.359,synthetic
truck,petrol,3935,7123,9,71.7,94.2,64.9,urban,high,44.2,13250,51.5,85.831,synthetic
truck,diesel,5402,15656,0,755.1,83.0,9.2,urban,medium,-2.0,11312,613.3,706.641,synthetic
car,petrol,1024,1461,14,88.5,107.1,75.9,highway,high,26.4,92,50.8,12.348,synthetic
bus,diesel,5673,8440,5,685.3,93.0,4.0,highway,low,5.3,1861,413.7,278.543,synthetic
truck,diesel,4449,17549,2,10.2,27.0,58.4,urban,high,21.4,7956,22.4,11.787,synthetic
car,petrol,1760,1049,2,707.0,84.2,0.3,highway,low,34.0,294,529.8,79.099,synthetic
truck,diesel,4907,11483,6,25.6,68.2,5.7,mixed,low,7.3,11951,26.1,15.971,synthetic
car,diesel,1470,1468,12,608.7,21.5,33.3,highway,medium,14.7,113,2024.1,94.606,synthetic
truck,diesel,4238,11441,12,295.7,42.6,24.0,highway,medium,42.5,2796,454.3,153.739,synthetic
car,petrol,2100,1241,0,593.2,103.0,5.3,highway,medium,33.1,241,347.5,103.839,synthetic
truck,diesel,5678,5984,0,327.4,103.3,21.4,urban,medium,23.6,3210,210.6,272.548,synthetic
van,diesel,2127,2683,13,66.0,91.9,15.2,urban,medium,6.1,1796,43.1,19.367,synthetic
car,petrol,1146,1565,12,616.3,108.4,7.2,urban,low,16.3,288,371.2,74.443,synthetic
car,petrol,2347,1715,9,66.3,92.6,60.5,highway,high,33.7,371,41.8,18.371,synthetic
car,petrol,1525,1213,2,738.5,20.9,37.6,mixed,medium,36.0,32,2076.0,133.722,synthetic
van,diesel,2737,2732,13,50.3,45.9,6.4,highway,medium,7.2,2419,60.6,13.427,synthetic
car,petrol,1539,1503,7,388.7,22.8,28.9,highway,medium,28.1,0,1051.5,56.271,synthetic
van,petrol,2014,3874,0,581.2,28.5,105.1,highway,high,-0.2,949,1329.5,189.877,synthetic
car,petrol,1884,1067,15,320.7,39.7,38.6,highway,medium,-3.8,340,550.9,65.453,synthetic
car,petrol,1788,1240,9,181.6,65.3,2.7,urban,low,22.4,23,190.7,27.778,synthetic
truck,diesel,4007,16940,12,609.7,96.3,73.1,highway,high,6.2,2167,455.1,430.985,synthetic
car,petrol,1678,1410,3,629.6,97.6,24.4,highway,high,-1.1,38,358.6,123.411,synthetic
bus,diesel,6391,9106,8,738.9,75.5,22.5,mixed,medium,31.5,3117,615.7,581.859,synthetic
truck,diesel,4976,14416,13,307.2,103.5,32.5,highway,high,19.9,13543,188.1,339.173,synthetic
van,diesel,1965,2211,3,409.9,65.0,34.3,mixed,medium,34.8,1478,431.9,81.696,synthetic
van,diesel,2732,2922,9,296.9,100.0,9.0,mixed,medium,28.2,1588,174.5,89.395,synthetic
truck,diesel,5257,12937,7,213.1,60.9,23.0,highway,medium,31.5,5844,193.4,146.287,synthetic
car,diesel,2189,1676,6,603.3,45.0,23.2,urban,medium,10.4,9,800.6,164.033,synthetic
car,petrol,1944,1262,2,278.3,102.5,14.6,urban,low,8.2,11,194.8,55.766,synthetic
car,petrol,1229,1079,6,348.2,54.9,9.8,highway,low,25.0,444,445.1,29.774,synthetic
truck,petrol,5275,8464,14,328.9,65.3,4.3,mixed,low,5.0,2436,307.8,195.105,synthetic
car,petrol,2016,1674,6,573.0,49.6,3.6,urban,low,35.8,500,806.1,114.783,synthetic
van,diesel,1842,2176,9,735.1,79.7,9.5,mixed,medium,21.1,578,503.8,125.111,synthetic
bus,petrol,5235,12259,2,536.7,109.6,31.5,mixed,medium,6.3,3536,292.3,411.777,synthetic
truck,diesel,4332,7808,1,382.6,22.3,10.4,highway,low,26.3,14285,1151.0,229.799,synthetic
van,diesel,2938,3501,14,625.6,101.0,81.0,highway,high,42.3,1033,359.2,255.642,synthetic
car,diesel,1324,1274,8,516.4,20.4,0.6,highway,low,-0.9,367,1460.6,56.813,synthetic
truck,petrol,4977,10267,14,57.9,52.8,31.7,mixed,medium,0.5,5912,76.2,43.901,synthetic
van,diesel,3352,2594,0,85.6,35.2,9.6,mixed,low,37.2,901,158.3,23.794,synthetic
car,petrol,2197,1652,13,40.0,88.2,14.5,urban,low,0.5,101,32.5,8.902,synthetic
car,petrol,2382,1354,6,370.9,24.6,8.8,highway,low,-3.0,410,852.2,72.467,synthetic
bus,petrol,6936,15179,3,662.4,69.8,15.6,highway,medium,12.4,1658,573.2,482.296,synthetic
van,petrol,1818,3773,1,257.3,46.5,58.2,mixed,high,18.3,851,329.5,69.627,synthetic
truck,diesel,5057,18526,14,313.5,32.0,2.6,mixed,low,23.5,14986,683.6,294.631,synthetic
truck,petrol,4532,9928,1,728.5,89.5,30.3,highway,medium,20.4,5582,477.1,408.255,synthetic
van,diesel,3262,3895,7,671.2,39.6,10.6,highway,low,40.7,1172,1023.9,178.273,synthetic
van,diesel,2228,1855,6,535.4,40.1,40.1,highway,high,33.4,2477,754.7,139.013,synthetic
van,diesel,3468,2629,11,220.8,44.8,35.8,highway,high,44.2,1049,335.2,93.824,synthetic
car,petrol,1921,1696,6,102.5,72.8,1.2,mixed,low,18.8,183,82.0,13.633,synthetic
van,petrol,3149,2404,4,22.7,79.4,36.9,urban,medium,-0.8,2104,15.8,9.855,synthetic
truck,diesel,3714,9096,13,94.5,21.6,43.3,urban,high,42.8,5367,270.8,91.379,synthetic
van,petrol,2112,2466,15,241.2,41.8,17.0,urban,medium,-4.8,738,352.5,67.365,synthetic
truck,diesel,5396,14185,9,445.9,58.8,14.8,highway,medium,33.8,6925,433.9,308.725,synthetic
van,diesel,1837,2764,7,60.6,49.9,19.5,highway,medium,-3.4,1811,68.5,10.792,synthetic
van,petrol,3189,3399,13,117.6,99.6,30.0,mixed,medium,33.1,299,82.8,46.884,synthetic
van,diesel,1824,3769,1,153.1,90.9,107.1,mixed,high,41.9,1060,93.0,44.051,synthetic
van,diesel,2917,3283,1,509.3,76.3,38.3,urban,high,14.5,996,372.2,221.416,synthetic
truck,diesel,4413,8067,4,496.5,50.4,88.6,highway,high,7.0,4427,575.1,336.05,synthetic
car,diesel,1917,1733,14,445.1,83.1,17.3,highway,medium,6.3,327,381.3,78.606,synthetic
van,diesel,2983,2382,0,207.9,95.9,39.3,highway,medium,19.6,867,120.4,61.266,synthetic
car,petrol,1514,950,5,303.2,73.5,15.5,urban,medium,3.5,303,283.2,48.273,synthetic
car,petrol,1162,890,3,86.4,90.6,20.7,urban,high,28.6,252,66.8,14.633,synthetic
van,diesel,1918,3039,5,188.9,87.4,23.0,urban,medium,13.4,700,131.4,41.361,synthetic
van,petrol,2801,2050,6,719.2,71.5,10.3,mixed,medium,11.2,813,596.7,197.917,synthetic
bus,diesel,5562,9388,12,784.0,48.1,0.7,urban,low,18.1,1268,1078.9,549.263,synthetic
van,diesel,3062,2460,2,521.7,87.1,29.4,urban,medium,22.1,330,399.1,194.317,synthetic
truck,diesel,4774,9225,15,734.3,38.6,93.2,highway,high,2.1,9669,1293.9,790.026,synthetic
van,diesel,2518,3129,10,517.8,90.2,21.1,mixed,medium,30.4,1747,396.0,151.46,synthetic
van,petrol,2477,3597,12,36.2,92.4,10.2,urban,low,39.1,582,23.1,9.666,synthetic
car,petrol,1040,1561,7,797.4,94.0,8.1,highway,low,8.9,308,563.0,69.12,synthetic
car,diesel,1503,1062,6,88.2,62.6,27.0,urban,medium,4.0,491,79.5,15.124,synthetic
car,petrol,2464,1045,12,549.3,37.3,79.7,urban,high,33.0,37,930.0,270.453,synthetic
van,diesel,3285,3925,0,209.7,29.0,86.6,mixed,high,4.2,1328,470.7,115.16,synthetic
car,diesel,1494,808,5,319.7,86.9,40.0,mixed,high,-2.9,367,209.3,66.451,synthetic
car,petrol,1882,1680,6,520.3,99.8,14.4,urban,medium,26.0,23,288.8,130.064,synthetic
car,diesel,2271,1000,15,354.8,78.6,20.4,mixed,medium,7.0,389,259.7,84.847,synthetic
bus,petrol,5324,17473,13,207.9,33.0,20.6,highway,medium,3.6,4908,388.3,166.415,synthetic
car,petrol,1027,1142,10,274.2,104.1,32.1,urban,medium,44.1,44,184.3,36.813,synthetic
van,diesel,1927,2769,14,279.8,109.0,17.9,mixed,medium,9.6,2091,163.2,65.055,synthetic
car,diesel,1766,1507,3,767.9,59.0,10.7,urban,medium,40.2,189,878.1,151.032,synthetic
van,diesel,3448,3093,13,640.9,73.5,13.8,urban,medium,3.9,531,498.0,282.359,synthetic
car,petrol,2040,1118,1,372.3,90.0,3.2,mixed,low,35.9,247,231.4,58.988,synthetic
car,petrol,1106,1354,15,167.9,86.3,11.0,highway,low,20.1,36,113.5,15.156,synthetic
van,diesel,2122,3408,9,650.7,107.1,67.0,highway,high,-1.1,1401,362.4,194.055,synthetic
car,diesel,2157,842,8,134.2,30.3,90.9,mixed,high,31.7,10,282.4,48.222,synthetic
car,petrol,2262,811,15,176.3,72.3,19.6,mixed,medium,39.6,364,170.4,40.27,synthetic
car,petrol,1927,1258,6,299.2,82.3,13.3,mixed,low,3.2,244,224.2,48.015,synthetic
car,petrol,1967,932,15,705.5,100.1,118.4,urban,high,31.3,229,446.4,263.879,synthetic
car,petrol,1043,1464,0,114.1,98.7,28.4,mixed,medium,17.3,98,62.5,11.938,synthetic
car,petrol,2243,1014,7,106.6,108.0,35.2,mixed,medium,32.7,181,53.9,28.09,synthetic
truck,diesel,5471,11493,14,400.2,66.1,22.8,highway,medium,30.7,3546,336.2,244.415,synthetic
van,diesel,2240,2235,2,228.4,94.8,37.7,mixed,medium,-3.7,1891,160.4,63.0,synthetic
van,petrol,3005,3007,3,459.3,58.5,34.1,highway,medium,3.9,658,493.1,129.335,synthetic
car,diesel,1322,916,11,366.8,58.0,119.2,highway,high,18.6,308,363.4,65.513,synthetic
bus,diesel,4121,8231,4,353.6,42.8,9.3,urban,low,41.7,1758,534.3,167.836,synthetic
car,petrol,1302,851,0,98.5,93.6,11.7,highway,low,12.1,328,67.1,9.668,synthetic
car,petrol,1268,1754,14,121.4,108.7,8.1,highway,low,26.4,270,62.1,11.673,synthetic
van,diesel,2374,2113,5,658.7,43.1,14.1,highway,medium,-4.4,1174,1002.1,140.912,synthetic
car,diesel,1628,1508,9,709.8,25.1,5.3,highway,low,30.6,337,1921.4,88.812,synthetic
car,diesel,1763,868,5,195.4,93.4,13.4,highway,low,25.2,208,123.8,25.661,synthetic
van,diesel,2610,2038,1,99.6,75.8,0.8,urban,low,30.8,2089,87.2,26.032,synthetic
truck,diesel,4177,12633,10,52.2,106.4,8.9,mixed,low,40.2,11214,28.3,34.679,synthetic
van,petrol,1850,2823,9,490.6,42.7,18.0,mixed,medium,2.3,1443,776.8,106.464,synthetic
truck,petrol,5013,19274,5,575.1,26.4,5.8,mixed,low,8.1,13279,1534.4,534.341,synthetic
bus,diesel,5187,17448,7,304.5,64.3,36.0,urban,medium,44.8,4230,293.3,306.744,synthetic
car,petrol,1448,1580,5,546.9,27.7,34.9,mixed,medium,2.8,266,1153.5,86.411,synthetic
car,petrol,2300,1402,3,573.2,43.6,9.0,highway,low,31.0,34,805.2,97.608,synthetic
car,diesel,2120,1255,14,748.9,31.3,14.6,highway,medium,31.3,283,1398.1,155.98,synthetic
van,diesel,3258,2584,3,61.3,40.2,67.5,mixed,high,29.1,1017,82.4,29.727,synthetic
van,diesel,2641,3884,8,161.9,29.6,60.8,urban,high,6.4,1442,360.0,86.141,synthetic
bus,diesel,4393,14029,15,64.1,105.9,5.3,mixed,low,5.8,3412,33.2,37.997,synthetic
truck,diesel,5241,13686,5,695.7,45.1,30.3,urban,high,28.3,10028,892.0,928.902,synthetic
van,diesel,2150,2310,7,636.1,60.0,24.0,highway,medium,4.3,1749,711.0,138.72,synthetic
car,diesel,1662,847,7,464.0,100.9,4.5,mixed,low,28.1,340,303.5,67.274,synthetic
truck,diesel,3663,19178,6,76.1,81.0,9.9,urban,low,19.6,2530,52.0,37.157,synthetic
bus,diesel,6476,11137,2,225.9,75.6,16.2,mixed,medium,14.3,1363,196.8,160.213,synthetic
truck,diesel,3815,11639,9,245.2,83.5,20.1,mixed,medium,10.0,9828,207.8,157.116,synthetic
car,petrol,2355,915,0,453.0,94.6,6.8,highway,medium,42.4,204,265.0,86.08,synthetic
van,diesel,3269,3641,4,213.9,99.0,39.7,highway,medium,20.4,1955,132.8,72.73,synthetic
car,petrol,1697,828,15,67.6,77.8,7.6,highway,low,23.1,62,58.3,7.938,synthetic
car,petrol,2117,1634,12,587.3,100.1,5.8,highway,medium,42.5,96,387.3,111.278,synthetic
car,petrol,1929,940,14,246.3,68.2,23.9,highway,medium,27.7,279,209.8,38.478,synthetic
van,diesel,3165,3750,9,367.4,45.0,35.5,urban,medium,42.9,1352,465.3,172.616,synthetic
van,diesel,2534,3405,9,110.9,99.2,97.3,mixed,high,0.3,813,76.1,49.015,synthetic
car,diesel,2179,965,14,644.0,68.7,90.1,mixed,high,37.3,204,667.2,211.347,synthetic
car,diesel,1694,1366,1,456.8,101.6,33.9,mixed,high,11.8,17,305.0,99.326,synthetic
van,diesel,3400,2488,11,722.3,23.6,28.0,highway,medium,35.5,285,2181.8,253.763,synthetic
car,petrol,1730,978,9,401.4,55.8,31.8,highway,medium,37.8,47,467.0,66.528,synthetic
car,diesel,1694,1659,12,753.7,105.3,25.0,mixed,medium,8.6,288,506.2,148.399,synthetic
van,diesel,3135,2688,1,714.6,42.5,36.2,highway,medium,15.4,2187,1117.7,231.03,synthetic
truck,diesel,5554,10978,13,465.4,104.7,14.7,mixed,medium,31.3,4643,312.6,378.648,synthetic
car,diesel,1832,970,6,747.8,105.9,44.2,mixed,high,-0.0,17,402.0,173.496,synthetic
car,petrol,1270,1183,10,265.2,99.4,35.4,urban,medium,32.8,354,183.3,44.377,synthetic
car,petrol,1702,1672,12,298.9,70.7,9.4,mixed,low,0.5,428,243.1,37.519,synthetic
bus,petrol,6904,11631,2,45.9,78.2,20.1,highway,high,40.7,1122,32.0,36.094,synthetic
van,diesel,3080,3894,12,475.5,98.3,55.3,mixed,high,8.8,1087,306.4,249.943,synthetic
van,diesel,3179,3882,7,580.3,89.8,35.0,highway,medium,23.8,565,385.9,168.052,synthetic
car,petrol,1049,945,8,621.1,76.7,6.0,highway,medium,0.9,53,443.6,45.449,synthetic
van,diesel,2595,2190,13,128.4,108.4,0.0,mixed,low,8.5,1691,84.8,35.672,synthetic
car,diesel,1970,1663,12,360.9,81.7,14.8,mixed,medium,15.2,484,291.5,70.107,synthetic
van,petrol,3211,2664,7,149.7,107.8,13.7,urban,low,19.4,1760,97.6,56.447,synthetic
bus,petrol,4148,8044,5,533.1,25.2,13.5,urban,low,-5.0,4932,1524.9,345.608,synthetic
van,diesel,3249,2403,4,134.8,32.5,23.2,mixed,medium,39.4,1199,253.1,52.649,synthetic
truck,diesel,4871,13964,2,724.3,60.6,24.4,mixed,medium,-4.6,13570,699.8,664.416,synthetic
truck,diesel,3993,16989,2,192.2,54.6,16.6,mixed,medium,33.7,3871,201.6,111.017,synthetic
car,petrol,1476,933,6,240.2,90.4,44.4,mixed,high,18.5,59,168.0,41.542,synthetic
bus,diesel,4846,9105,12,682.2,34.5,12.2,mixed,low,21.2,3661,1285.2,369.603,synthetic
car,diesel,1796,1722,4,372.2,107.8,8.7,mixed,medium,5.4,186,215.7,74.676,synthetic
van,petrol,1888,3453,11,29.0,48.4,22.1,urban,medium,25.4,931,36.5,6.932,synthetic
car,petrol,1238,1390,13,400.7,58.6,9.5,highway,low,21.9,336,390.0,34.144,synthetic
car,petrol,2219,1569,5,76.8,44.7,8.6,highway,medium,3.2,167,106.4,13.586,synthetic
van,diesel,2025,2743,13,788.4,72.1,23.2,mixed,medium,6.9,1517,606.9,167.967,synthetic
car,petrol,1350,1558,5,474.6,25.3,25.2,mixed,medium,-1.7,150,1306.3,73.656,synthetic
van,petrol,2571,2618,8,212.7,33.5,94.2,urban,high,-1.7,2003,348.5,113.899,synthetic
van,diesel,2679,2337,0,455.3,87.1,13.2,urban,medium,-4.3,918,318.0,136.259,synthetic
car,diesel,2145,1529,7,70.7,36.8,49.3,highway,high,6.0,267,107.3,18.814,synthetic
car,petrol,1671,1220,9,641.9,41.2,24.9,highway,medium,29.0,12,1058.8,94.329,synthetic
van,diesel,3143,3959,12,741.0,91.4,14.7,urban,low,10.8,2021,483.6,267.589,synthetic
car,diesel,1928,1149,12,700.8,28.4,12.6,urban,medium,12.1,310,1382.9,159.595,synthetic
truck,diesel,3783,18826,4,280.0,59.4,14.8,mixed,low,1.6,3691,299.8,140.984,synthetic
van,diesel,2066,3853,12,267.4,22.1,30.0,highway,medium,23.8,695,853.7,63.464,synthetic
truck,diesel,4593,8628,5,37.7,51.2,33.9,urban,medium,12.1,4675,51.8,27.625,synthetic
van,diesel,2475,3556,5,524.6,82.9,8.1,urban,medium,28.8,1526,370.1,147.613,synthetic
van,petrol,3064,2753,0,432.6,28.1,4.5,mixed,low,32.1,1461,1030.4,124.472,synthetic
van,diesel,2787,3819,2,372.9,100.0,7.0,mixed,medium,24.2,830,203.5,107.838,synthetic
car,diesel,1582,1250,11,727.0,101.9,5.6,urban,low,8.8,347,402.4,115.399,synthetic
car,petrol,1256,1544,5,142.6,29.4,39.3,mixed,medium,20.4,445,305.1,18.504,synthetic
truck,diesel,4067,12005,13,17.6,109.2,30.5,urban,high,7.6,1609,9.4,14.566,synthetic
van,petrol,2778,2301,14,67.9,46.8,76.2,highway,high,40.1,1160,99.3,24.385,synthetic
truck,diesel,4559,7990,13,186.5,27.6,0.1,urban,low,33.3,9309,478.6,142.955,synthetic
truck,diesel,4787,11381,10,36.3,20.5,29.9,highway,medium,19.7,9210,96.0,28.524,synthetic
truck,diesel,3927,16332,10,407.2,56.8,11.9,urban,medium,43.3,1273,417.5,231.938,synthetic
bus,diesel,5989,14051,8,258.1,76.7,33.0,mixed,high,22.3,1448,208.4,226.023,synthetic
van,diesel,3249,3315,5,152.6,49.9,16.8,mixed,medium,11.4,342,196.1,55.985,synthetic
car,petrol,1387,1082,15,602.6,95.3,11.6,highway,low,-0.2,284,445.7,69.011,synthetic
van,diesel,2636,2859,14,171.5,84.5,8.7,highway,medium,22.2,1684,142.2,40.032,synthetic
car,petrol,2463,844,11,553.2,51.5,13.0,highway,medium,38.0,80,703.1,130.11,synthetic
van,petrol,2367,3599,12,285.9,86.1,5.3,highway,medium,38.3,966,194.7,57.05,synthetic
truck,diesel,4988,19848,5,414.3,104.6,116.8,highway,high,25.2,5617,269.6,456.334,synthetic
van,petrol,1953,2695,0,747.8,28.4,8.9,urban,low,14.7,2086,1519.0,165.506,synthetic
car,petrol,1909,811,8,39.5,47.5,92.0,mixed,high,27.5,97,59.3,10.65,synthetic
car,petrol,1134,970,15,405.2,61.7,9.8,mixed,low,33.1,274,355.3,42.41,synthetic
van,petrol,3431,3236,3,685.0,64.8,34.4,highway,high,15.6,2001,679.0,255.163,synthetic
car,petrol,2073,1412,14,474.5,68.8,79.5,highway,high,18.8,415,383.4,112.934,synthetic
truck,diesel,5470,16818,1,228.7,47.1,9.6,highway,medium,29.0,10332,298.1,181.862,synthetic
car,petrol,2056,1054,0,324.2,80.1,19.0,highway,medium,38.8,150,264.9,52.906,synthetic
car,petrol,1885,1564,2,547.4,78.1,8.5,urban,low,34.6,412,465.7,93.676,synthetic
car,petrol,1675,1488,2,713.7,72.0,8.4,highway,low,-3.9,371,675.4,73.7,synthetic
van,diesel,3259,2510,4,42.4,30.2,1.8,urban,low,1.2,1820,90.8,14.615,synthetic
van,petrol,3427,3000,0,66.5,62.9,0.5,mixed,low,37.6,355,61.9,19.397,synthetic
car,petrol,1749,947,6,266.8,52.1,32.9,urban,medium,36.7,22,358.8,53.484,synthetic
car,diesel,2397,1253,12,193.9,64.2,10.9,mixed,low,14.4,348,207.2,41.666,synthetic
van,petrol,2792,3739,0,219.3,103.0,28.2,highway,high,24.2,2373,121.1,69.687,synthetic
car,petrol,1808,1221,3,184.8,63.2,9.5,mixed,medium,40.3,387,201.3,31.791,synthetic
van,diesel,2573,3647,5,164.7,21.3,36.2,highway,medium,40.6,2112,554.0,50.236,synthetic
van,petrol,2156,3099,14,113.2,59.5,31.9,highway,medium,34.2,1453,124.6,24.749,synthetic
car,diesel,1006,992,0,747.8,93.9,39.9,highway,medium,5.5,152,470.7,70.43,synthetic
car,petrol,1362,1381,6,123.9,90.2,3.8,highway,low,31.5,339,89.2,10.908,synthetic
bus,diesel,5529,13060,9,171.5,66.2,22.1,urban,medium,0.1,3704,155.8,144.087,synthetic
van,diesel,2446,2677,14,204.5,42.5,43.6,mixed,high,39.7,1753,318.6,72.845,synthetic
van,petrol,2562,2063,6,747.1,61.9,26.8,mixed,medium,2.5,2377,770.6,212.451,synthetic
car,petrol,2471,1217,2,607.0,70.7,1.7,urban,low,28.1,184,607.0,118.415,synthetic
van,petrol,2395,1960,3,633.9,110.0,32.7,urban,high,25.5,291,375.3,216.707,synthetic
car,petrol,1678,899,5,92.8,78.0,1.1,urban,low,33.8,454,68.8,13.909,synthetic
van,diesel,2027,2715,13,670.7,82.5,29.3,mixed,medium,22.6,569,545.2,131.6,synthetic
bus,diesel,4144,11054,10,332.5,64.2,22.3,mixed,medium,-2.0,3638,307.5,185.145,synthetic
car,petrol,2163,1726,6,217.6,51.9,26.6,urban,medium,30.3,437,247.0,54.144,synthetic
car,petrol,1856,1176,13,464.8,93.2,107.9,mixed,high,14.2,155,304.6,138.735,synthetic
car,petrol,2141,1558,12,659.5,64.5,94.0,mixed,high,11.0,415,554.0,188.612,synthetic
car,petrol,1225,1330,3,625.1,109.5,21.2,highway,medium,44.6,166,407.8,77.688,synthetic
car,petrol,1858,1504,9,713.1,61.1,14.8,highway,low,24.5,397,741.6,86.578,synthetic
car,petrol,1380,1060,10,743.2,26.1,65.6,mixed,high,30.5,35,1932.7,158.9,synthetic
truck,petrol,4070,19129,8,198.1,81.4,8.9,mixed,medium,21.3,10173,142.7,124.341,synthetic
van,diesel,1820,2966,8,344.8,24.2,14.9,urban,low,33.5,1757,961.1,75.184,synthetic
car,petrol,1196,1631,8,21.6,42.5,5.8,mixed,medium,32.6,246,32.5,2.85,synthetic
bus,diesel,4928,11650,15,704.7,51.8,8.2,highway,low,27.9,3592,837.9,347.855,synthetic
car,diesel,1175,900,11,132.1,86.6,4.6,urban,low,44.9,462,109.1,15.116,synthetic
bus,diesel,6958,14737,9,690.6,64.5,70.4,urban,high,18.0,3802,673.5,1058.804,synthetic
car,diesel,1463,808,5,270.2,22.6,24.6,mixed,medium,30.3,481,787.9,44.357,synthetic
truck,diesel,3826,12129,1,300.8,75.5,3.6,highway,low,34.9,7281,216.2,109.492,synthetic
van,petrol,2138,2224,1,40.9,57.0,24.5,urban,medium,13.8,1415,42.6,10.918,synthetic
truck,diesel,4969,14411,10,268.2,103.0,95.6,highway,high,17.9,4692,182.3,263.744,synthetic
bus,diesel,4192,17794,3,711.8,65.0,4.0,urban,low,43.5,4935,741.4,410.675,synthetic
car,petrol,2294,1264,8,30.2,83.8,18.4,mixed,medium,-3.4,28,22.9,7.073,synthetic
bus,diesel,6884,16175,2,331.0,39.7,46.8,highway,high,11.8,2114,585.3,342.436,synthetic
car,diesel,1370,1308,5,34.8,88.5,12.3,mixed,low,19.3,149,24.7,3.813,synthetic
car,petrol,1675,1296,1,303.0,84.9,30.4,mixed,medium,-4.9,193,229.2,50.436,synthetic
car,diesel,1033,1730,14,146.4,101.4,13.1,highway,low,40.0,459,87.9,12.918,synthetic
van,diesel,2889,3758,0,209.3,23.0,11.0,mixed,medium,9.3,1046,591.7,71.776,synthetic
car,diesel,1621,1586,15,703.3,60.3,27.4,highway,high,7.9,458,697.1,115.835,synthetic
van,diesel,2259,2452,11,354.5,81.1,1.8,highway,low,36.0,1174,266.3,57.793,synthetic
van,diesel,2152,2999,4,226.3,28.6,36.1,urban,high,8.9,2166,565.6,84.314,synthetic
truck,diesel,5135,8358,7,475.6,57.0,73.3,mixed,high,27.9,8305,467.6,522.511,synthetic
truck,petrol,4541,11659,9,122.3,104.8,39.0,urban,medium,36.1,5359,65.2,106.962,synthetic
van,diesel,2105,2865,9,214.9,59.2,17.5,highway,medium,34.6,1234,198.8,44.831,synthetic
car,petrol,2034,1632,1,441.5,108.7,14.4,mixed,low,34.1,212,242.8,82.511,synthetic
car,petrol,1848,1696,9,197.6,25.1,23.8,mixed,high,-0.6,130,481.4,54.674,synthetic
car,petrol,2288,1215,8,546.5,84.6,37.4,highway,medium,-1.0,145,359.8,109.056,synthetic
car,petrol,1176,818,11,398.3,72.3,11.3,urban,medium,10.3,93,352.0,50.884,synthetic
car,petrol,2178,1662,7,619.9,65.0,36.9,highway,medium,-3.2,168,614.6,122.52,synthetic
car,petrol,2010,974,2,759.1,107.4,7.0,highway,medium,20.0,312,477.3,122.722,synthetic
bus,diesel,4345,14219,0,101.5,31.7,114.8,urban,high,14.7,2240,229.3,114.23,synthetic
van,diesel,2981,1855,3,274.4,100.6,12.0,urban,medium,22.9,1838,177.6,108.464,synthetic
car,petrol,1662,1200,7,262.4,82.2,50.3,highway,high,9.9,493,178.8,47.694,synthetic
van,petrol,3406,3969,2,129.4,43.3,22.2,mixed,medium,19.3,1067,166.1,46.329,synthetic
car,petrol,1212,901,9,650.1,101.2,5.7,highway,low,11.7,231,437.0,64.434,synthetic
van,diesel,2893,2732,11,610.3,58.6,86.8,urban,high,4.8,577,683.9,304.503,synthetic
van,diesel,2449,2476,1,392.7,93.3,39.1,highway,medium,27.5,1102,239.6,91.804,synthetic
van,petrol,3427,3791,6,434.8,55.0,26.2,urban,medium,28.7,1872,463.0,189.248,synthetic
van,petrol,2361,3713,3,57.0,96.6,92.1,highway,high,36.5,700,39.9,17.807,synthetic
bus,diesel,6887,10377,5,448.9,77.3,1.3,urban,low,38.7,1319,372.7,348.981,synthetic
truck,diesel,5754,6218,4,635.2,32.7,27.0,urban,medium,30.2,6269,1253.6,630.011,synthetic
van,diesel,2260,3180,1,463.3,78.5,6.8,highway,low,29.4,2083,341.2,76.26,synthetic
van,diesel,3166,2540,9,219.6,37.2,36.0,highway,medium,-2.2,1634,385.4,66.77,synthetic
van,diesel,3493,3279,1,537.4,57.1,58.8,urban,high,0.5,2402,639.0,331.152,synthetic
car,petrol,1379,832,13,295.6,35.3,87.9,highway,high,35.6,452,585.1,56.22,synthetic
car,diesel,1655,933,8,440.4,22.0,13.0,urban,medium,6.6,76,1347.7,87.321,synthetic
car,diesel,1780,1486,10,395.2,39.1,45.9,urban,high,12.8,21,651.1,127.435,synthetic
van,petrol,2301,2267,9,311.1,68.3,57.6,mixed,high,2.3,1118,301.3,100.813,synthetic
van,diesel,1826,3687,1,577.9,63.3,15.6,mixed,medium,4.8,1401,572.4,106.61,synthetic
car,diesel,1330,859,7,708.3,65.1,3.8,urban,low,33.8,258,631.6,90.566,synthetic
bus,diesel,4846,10155,7,14.1,42.3,6.7,mixed,medium,8.1,1103,23.3,8.333,synthetic
bus,diesel,5331,17986,0,747.6,81.7,103.7,mixed,high,17.5,1062,582.1,728.182,synthetic
truck,diesel,3928,11496,0,414.1,83.4,26.4,mixed,high,2.6,1656,321.3,231.412,synthetic
van,diesel,3285,3347,12,563.6,52.2,36.1,highway,medium,28.9,2157,775.2,186.049,synthetic
truck,diesel,5262,7740,3,685.9,99.3,32.5,mixed,high,31.4,14268,495.5,778.426,synthetic
car,petrol,1128,1410,1,379.0,78.0,1.0,mixed,low,13.1,58,313.8,29.683,synthetic
truck,diesel,5125,15892,11,669.6,84.2,8.4,urban,low,34.2,3984,434.5,464.25,synthetic
car,diesel,1980,1114,14,150.3,45.0,70.2,highway,high,7.0,45,204.4,40.319,synthetic
truck,diesel,5891,17433,0,135.7,20.1,7.4,mixed,low,29.6,13285,479.7,142.335,synthetic
car,diesel,1005,1403,8,529.4,97.9,8.6,urban,low,31.5,479,320.1,54.3,synthetic
truck,diesel,4120,10837,12,697.4,94.0,15.0,urban,medium,43.4,4665,534.0,468.495,synthetic
bus,diesel,6783,13576,2,715.0,31.1,28.2,mixed,medium,6.6,1866,1276.9,680.269,synthetic
car,diesel,2398,1377,13,518.6,53.7,22.6,highway,medium,-0.3,181,620.6,103.668,synthetic
van,petrol,3025,2164,13,425.1,79.5,5.0,highway,low,8.2,1356,338.3,96.548,synthetic
bus,petrol,6297,12027,13,271.8,78.7,102.7,urban,high,1.1,3571,202.4,444.611,synthetic
van,diesel,1956,2556,0,784.2,97.4,92.8,urban,high,3.5,1360,572.1,328.973,synthetic
truck,diesel,4785,11014,1,262.6,32.6,18.8,mixed,medium,11.7,14314,524.3,226.934,synthetic
van,petrol,2194,3474,7,597.9,58.7,34.7,urban,medium,15.7,430,592.3,173.202,synthetic
car,diesel,1272,1283,4,430.3,28.8,37.2,mixed,medium,40.2,399,911.6,62.937,synthetic
car,petrol,2215,1740,10,490.7,55.1,23.8,highway,medium,4.8,167,596.9,91.213,synthetic
car,diesel,1203,1094,6,320.8,21.4,12.5,urban,medium,43.6,189,891.6,48.306,synthetic
truck,diesel,4672,11236,5,772.2,100.8,37.1,highway,medium,35.5,10924,534.7,577.821,synthetic
car,petrol,2408,1587,12,461.6,67.4,11.6,urban,medium,39.1,465,390.1,120.273,synthetic
van,diesel,2116,3001,15,750.9,96.5,0.7,mixed,low,41.5,1847,457.3,152.216,synthetic
van,diesel,3463,3003,15,16.0,25.4,16.5,highway,medium,32.7,1984,35.7,5.973,synthetic
van,diesel,3490,1917,0,462.4,40.5,30.4,mixed,medium,34.4,1927,638.4,177.905,synthetic
truck,petrol,4889,10979,5,576.6,43.3,37.3,highway,medium,16.9,5494,790.2,353.098,synthetic
bus,diesel,4510,10707,10,598.6,54.8,83.7,highway,high,20.5,3906,786.3,391.911,synthetic
van,petrol,2337,3999,6,724.9,92.3,38.3,highway,medium,41.6,2004,437.7,179.224,synthetic
truck,diesel,4561,9625,3,13.5,54.8,29.2,mixed,high,13.9,8468,14.2,11.069,synthetic
truck,diesel,4273,18267,7,10.3,38.4,0.9,highway,low,-2.9,8515,15.7,5.365,synthetic
van,diesel,2277,3288,7,383.1,25.8,26.1,mixed,medium,33.1,1947,965.4,114.074,synthetic
bus,diesel,6917,11409,6,33.1,27.2,116.6,mixed,high,23.7,4177,82.3,58.955,synthetic
car,petrol,1230,1344,15,779.9,88.4,22.6,highway,medium,35.7,169,595.8,88.191,synthetic
car,petrol,2100,1641,10,185.4,60.0,6.8,urban,medium,-1.2,401,167.3,47.68,synthetic
truck,diesel,3501,18251,14,383.4,85.4,12.7,urban,medium,26.1,12399,295.3,336.724,synthetic
van,diesel,2814,2153,1,58.3,81.4,44.5,mixed,high,7.4,738,46.8,23.435,synthetic
truck,diesel,5790,10094,5,422.4,32.2,16.8,highway,medium,40.2,11037,831.1,348.127,synthetic
truck,diesel,4220,10028,5,310.2,32.9,24.4,highway,high,0.5,3611,574.1,179.983,synthetic
car,petrol,1278,842,11,45.3,88.0,110.5,urban,high,37.2,47,35.2,10.832,synthetic
truck,petrol,5129,13974,14,274.7,84.9,23.0,mixed,medium,-0.6,9044,194.8,249.922,synthetic
van,petrol,3011,3681,11,319.2,54.0,28.5,mixed,medium,-3.7,2290,343.6,127.094,synthetic
van,petrol,2970,2639,6,792.0,27.0,1.0,mixed,low,6.8,282,1749.9,225.916,synthetic
van,diesel,2343,3428,5,174.2,21.1,6.9,mixed,medium,11.7,2101,511.5,46.428,synthetic
bus,diesel,4757,14277,1,440.4,45.9,25.5,highway,medium,26.3,2779,554.6,233.035,synthetic
car,diesel,2434,1176,7,790.0,20.8,108.7,urban,high,1.6,430,2462.7,418.608,synthetic
van,petrol,3370,2110,14,635.7,40.7,23.5,mixed,medium,16.9,2140,1091.8,242.81,synthetic
van,diesel,2577,3361,3,794.8,57.8,107.8,mixed,high,5.2,2213,890.6,347.784,synthetic
truck,diesel,5615,17818,8,775.0,30.9,12.2,highway,low,37.8,11764,1554.6,609.509,synthetic
van,petrol,2569,3309,7,396.7,29.4,7.7,urban,medium,-2.8,2139,922.7,133.153,synthetic
car,petrol,1637,818,13,560.1,100.7,12.1,mixed,medium,12.8,88,375.3,93.255,synthetic
car,petrol,1235,1016,2,97.3,72.7,28.0,urban,medium,26.6,152,81.1,13.29,synthetic
car,petrol,1640,869,2,358.5,104.1,64.4,urban,high,40.7,121,223.4,102.07,synthetic
truck,diesel,4844,13556,7,649.1,51.1,4.4,mixed,low,38.4,11394,852.4,459.048,synthetic
car,petrol,1034,1556,1,409.2,80.9,6.3,mixed,low,39.8,77,295.3,34.634,synthetic
car,petrol,1666,911,8,565.1,38.4,20.6,highway,medium,-1.9,91,891.2,91.222,synthetic
bus,diesel,6344,16383,3,599.1,75.7,36.9,highway,medium,37.0,4455,442.8,473.2,synthetic
car,petrol,2020,1356,14,210.2,31.7,30.3,urban,high,34.0,353,476.6,71.845,synthetic
bus,diesel,5905,14900,5,701.8,20.2,48.0,mixed,high,40.1,4439,1931.0,903.771,synthetic
van,diesel,3346,3937,2,373.3,103.8,8.1,mixed,low,10.6,521,205.0,113.924,synthetic
truck,diesel,3545,6255,2,176.0,69.9,29.4,mixed,medium,40.6,6586,157.7,71.11,synthetic
car,diesel,1836,1701,2,693.7,103.4,27.1,urban,medium,15.1,142,466.6,169.858,synthetic
car,diesel,2181,926,10,340.1,50.0,114.2,highway,high,26.7,5,410.5,104.113,synthetic
truck,diesel,4853,10894,12,602.7,49.5,99.6,mixed,high,16.2,4983,826.0,610.566,synthetic
truck,diesel,4310,17772,9,442.9,56.1,24.5,urban,medium,16.4,6314,522.8,386.685,synthetic
truck,diesel,3841,18594,11,311.7,83.5,12.5,urban,medium,22.3,2291,244.3,185.649,synthetic
car,diesel,2331,1306,13,649.8,70.9,6.8,urban,low,12.8,283,634.1,141.337,synthetic
truck,diesel,4677,13912,13,471.7,103.3,29.3,urban,medium,34.6,6364,247.8,479.781,synthetic
truck,diesel,5695,15622,13,318.5,22.3,34.3,mixed,medium,26.7,1650,1010.7,300.565,synthetic
van,diesel,2796,3632,11,96.6,83.7,38.6,highway,medium,29.5,1819,79.5,29.275,synthetic
truck,diesel,5185,6823,1,717.4,49.7,26.2,mixed,medium,6.6,11210,1022.5,581.2,synthetic
truck,petrol,5511,17151,7,38.0,36.2,23.4,urban,medium,43.5,12683,71.7,56.385,synthetic
van,petrol,2921,2859,15,691.9,65.9,5.6,mixed,medium,28.0,1317,732.6,195.706,synthetic
car,petrol,1597,1251,8,294.4,65.5,7.5,mixed,medium,4.9,484,259.3,46.717,synthetic
van,diesel,2673,2733,14,515.1,32.3,2.3,highway,low,32.5,2302,951.8,107.057,synthetic
car,petrol,2205,1309,7,738.5,38.2,0.8,highway,low,3.7,276,1154.6,114.311,synthetic
van,diesel,2435,3879,14,129.8,56.7,6.0,highway,low,-1.8,1223,128.1,25.556,synthetic
van,diesel,2460,3006,9,457.9,56.8,53.7,highway,high,21.4,207,541.3,126.491,synthetic
car,petrol,1144,1753,2,613.9,48.6,9.6,mixed,low,22.7,355,713.4,57.764,synthetic
car,petrol,2372,980,6,608.5,33.4,73.6,highway,high,4.4,282,1001.9,191.108,synthetic
car,petrol,1137,1524,10,425.2,20.4,8.9,urban,low,12.4,469,1417.1,52.994,synthetic
truck,petrol,5121,17184,9,503.5,107.3,21.5,highway,medium,42.3,9319,329.8,404.834,synthetic
bus,diesel,5240,14791,1,608.4,104.9,47.8,urban,high,9.3,4968,392.9,755.799,synthetic
car,diesel,1608,1407,3,674.4,63.5,38.3,mixed,medium,2.8,427,731.0,107.192,synthetic
bus,diesel,6039,13648,11,611.8,109.6,1.3,highway,low,44.6,4791,361.4,445.06,synthetic
van,diesel,1914,3694,12,289.7,80.6,14.1,urban,low,10.1,954,251.4,59.126,synthetic
car,diesel,1891,1622,13,797.4,26.2,51.1,mixed,high,29.0,75,1915.8,241.658,synthetic
car,petrol,2158,922,12,353.3,30.6,22.9,highway,medium,6.6,398,828.9,77.39,synthetic
van,petrol,3208,3667,5,29.3,102.4,8.8,mixed,medium,22.5,2008,16.0,10.243,synthetic
truck,diesel,3926,11211,10,296.5,76.7,7.5,highway,medium,14.3,3960,265.0,110.668,synthetic
truck,petrol,5744,8805,4,110.9,95.9,20.0,highway,medium,43.1,11706,75.8,97.894,synthetic
car,petrol,1984,1670,12,105.9,100.8,11.1,urban,low,16.6,291,67.7,21.785,synthetic
car,petrol,2323,1232,8,232.4,60.3,14.4,highway,medium,24.2,55,258.4,42.225,synthetic
van,petrol,2625,3578,9,52.2,24.4,24.7,mixed,medium,42.2,1354,148.0,17.628,synthetic
car,petrol,1813,1063,3,553.9,36.9,4.2,highway,low,44.5,466,1042.5,74.495,synthetic
car,diesel,2379,804,4,68.5,26.0,58.9,highway,high,0.1,253,150.5,21.946,synthetic
car,diesel,2350,1295,3,170.6,37.0,110.6,urban,high,36.7,394,265.4,79.439,synthetic
truck,diesel,4620,6503,13,83.4,56.9,105.6,urban,high,14.1,1405,79.5,81.723,synthetic
bus,petrol,4823,15544,12,59.9,30.6,7.7,mixed,low,24.7,3776,110.2,40.223,synthetic
van,petrol,2468,2407,13,221.5,35.0,13.3,highway,medium,13.8,2378,371.8,58.281,synthetic
bus,diesel,5163,12436,7,461.8,60.1,39.3,mixed,high,15.1,2748,514.4,368.695,synthetic
car,diesel,1430,887,15,772.1,50.6,14.3,mixed,low,2.9,169,954.4,95.041,synthetic
van,petrol,2257,2431,12,701.7,62.1,3.0,urban,low,23.6,1687,764.4,153.422,synthetic
car,petrol,2292,1581,7,702.0,58.6,100.8,mixed,high,22.3,458,751.5,242.252,synthetic
van,diesel,1919,2133,14,149.1,78.0,17.9,urban,medium,4.5,607,122.3,32.921,synthetic
bus,diesel,6033,14472,2,219.3,104.3,39.5,highway,medium,22.1,2317,117.7,165.331,synthetic
van,petrol,2094,3818,0,70.4,29.7,17.9,highway,medium,43.7,559,161.0,14.065,synthetic
car,diesel,1517,1480,5,625.0,28.9,55.2,highway,high,30.7,248,1461.2,103.716,synthetic
van,diesel,1905,3584,1,65.2,96.8,27.3,mixed,medium,19.0,1443,40.1,12.924,synthetic
car,petrol,1405,909,1,449.8,65.6,116.2,highway,high,40.8,472,411.0,68.057,synthetic
truck,diesel,5421,8761,2,205.8,89.0,39.2,urban,medium,23.8,6775,134.1,189.823,synthetic
van,petrol,3305,3768,7,202.3,39.4,29.8,highway,medium,1.8,1504,352.6,73.599,synthetic
van,petrol,2177,3373,2,792.7,94.6,31.4,mixed,medium,22.4,2236,565.2,181.128,synthetic
van,diesel,2588,3207,15,607.9,103.1,8.5,highway,low,4.0,939,382.8,126.07,synthetic
van,diesel,2600,3260,6,671.2,77.2,31.5,mixed,medium,33.4,1751,506.9,189.572,synthetic
car,petrol,2310,1214,9,461.9,29.5,35.1,highway,medium,43.4,379,893.0,104.561,synthetic
van,diesel,3097,1898,13,698.1,100.6,68.6,mixed,high,13.0,960,381.1,330.498,synthetic
car,diesel,1770,1584,9,519.9,91.3,26.7,mixed,medium,16.7,82,312.1,100.267,synthetic
truck,diesel,5177,15181,8,757.5,87.6,23.8,mixed,medium,16.1,8041,496.2,633.509,synthetic
truck,diesel,5618,12092,12,232.3,23.3,24.7,highway,medium,9.3,5995,556.2,179.508,synthetic
truck,diesel,3524,18496,7,480.3,91.9,109.0,highway,high,34.7,4730,334.5,316.755,synthetic
van,diesel,2485,2540,0,555.2,32.4,17.4,mixed,medium,25.9,2439,1035.3,175.954,synthetic
van,petrol,3342,2448,6,320.4,40.0,3.1,highway,low,-1.8,1355,496.5,89.521,synthetic
car,petrol,2110,1673,6,705.0,71.9,65.6,highway,high,36.9,428,633.9,162.13,synthetic
truck,diesel,4857,16955,7,784.0,43.8,12.3,urban,medium,4.4,3734,1177.7,666.063,synthetic
car,petrol,1794,1315,15,400.1,79.5,22.4,highway,medium,44.0,470,330.4,63.125,synthetic
van,petrol,2391,2088,9,318.6,74.7,36.6,highway,medium,13.8,2027,250.3,73.344,synthetic
car,diesel,1781,1015,4,382.8,29.7,26.6,urban,medium,25.8,404,882.9,85.351,synthetic
car,diesel,1983,1456,9,683.7,79.0,34.9,urban,medium,-1.1,195,609.9,164.303,synthetic
van,diesel,2511,2647,8,519.9,103.2,2.5,highway,low,12.2,1317,300.8,106.281,synthetic
car,petrol,2071,1636,8,45.4,34.5,110.1,urban,high,35.1,297,71.4,20.831,synthetic
truck,diesel,5653,19249,7,438.3,73.7,9.0,urban,low,18.9,12057,417.2,447.16,synthetic
car,diesel,1232,1606,5,23.7,50.8,6.1,mixed,medium,40.2,425,32.9,3.031,synthetic
car,petrol,1677,1178,5,625.0,61.4,9.5,highway,low,23.8,39,559.4,67.942,synthetic
van,diesel,2494,3535,0,269.4,45.8,38.3,urban,medium,41.4,2279,317.9,92.19,synthetic
car,diesel,2031,1151,12,382.9,51.9,1.2,urban,low,44.1,469,507.1,71.186,synthetic
car,diesel,1375,967,15,641.0,22.6,25.4,urban,medium,17.7,296,1685.2,126.894,synthetic
truck,diesel,5101,5501,14,46.7,108.3,37.0,highway,medium,23.3,3615,30.4,30.361,synthetic
car,petrol,2316,1186,5,135.2,76.2,0.1,highway,low,36.7,409,102.7,20.027,synthetic
truck,diesel,4545,18553,13,324.4,65.1,27.1,mixed,medium,6.1,8680,346.5,250.063,synthetic
car,diesel,2367,1039,3,191.6,54.5,67.5,highway,high,38.1,409,194.1,55.938,synthetic
car,diesel,2490,1007,3,276.9,68.5,17.1,mixed,medium,24.6,407,237.1,63.66,synthetic
truck,diesel,3765,19547,13,798.6,54.2,82.8,mixed,high,31.3,2214,1053.5,684.735,synthetic
car,petrol,1350,825,1,662.1,52.4,25.3,urban,high,-1.0,304,735.0,118.588,synthetic
car,diesel,2426,1586,12,708.3,61.8,95.3,urban,high,33.3,242,646.8,296.392,synthetic
car,diesel,2437,1121,10,750.3,44.8,20.4,highway,high,10.5,473,1161.7,209.422,synthetic
car,petrol,1147,837,13,279.3,36.2,15.7,mixed,medium,35.3,148,433.0,35.373,synthetic
truck,diesel,3537,18767,3,244.7,70.1,70.4,mixed,high,20.5,3884,194.6,155.983,synthetic
car,petrol,1242,940,4,194.9,95.8,57.7,mixed,high,8.7,449,121.6,32.983,synthetic
truck,diesel,5990,13277,12,665.8,33.8,50.7,urban,high,42.6,3082,1290.7,948.257,synthetic
truck,petrol,3950,9111,11,546.8,22.9,12.5,mixed,low,33.3,10611,1591.8,359.233,synthetic
van,petrol,2654,1943,15,196.6,42.2,113.5,mixed,high,44.3,890,325.3,97.115,synthetic
bus,diesel,6545,8499,4,307.8,108.2,107.4,highway,high,13.2,3055,181.4,374.32,synthetic
car,petrol,1031,916,15,410.3,94.6,72.2,urban,high,27.5,308,265.0,78.053,synthetic
bus,diesel,5813,8714,4,427.2,73.6,13.3,urban,low,25.6,2378,350.8,263.06,synthetic
car,petrol,1416,1561,3,712.1,103.6,13.8,highway,low,29.4,487,475.8,73.603,synthetic
van,diesel,3266,2868,0,310.6,60.1,60.9,mixed,high,-3.1,503,346.6,133.297,synthetic
van,diesel,2282,2554,13,727.7,108.5,14.9,highway,medium,9.6,1100,471.5,157.419,synthetic
car,petrol,2030,1218,9,358.7,46.7,8.4,urban,medium,40.5,215,548.4,84.795,synthetic
van,petrol,2946,3844,7,599.6,41.6,67.9,highway,high,16.2,1651,855.7,260.241,synthetic
truck,diesel,4054,18661,2,744.9,77.4,14.2,highway,low,43.0,6702,611.3,331.125,synthetic
car,petrol,1052,1516,1,727.0,54.0,24.6,urban,medium,5.7,49,879.5,85.178,synthetic
car,petrol,1614,1685,8,55.0,76.4,28.4,mixed,medium,44.9,474,41.0,10.039,synthetic
truck,diesel,4223,9795,6,172.5,47.4,9.0,urban,medium,29.9,6825,199.8,115.398,synthetic
van,diesel,3175,2638,8,386.8,75.6,10.0,highway,medium,33.8,988,356.1,96.894,synthetic
bus,diesel,6401,14137,12,350.9,44.8,7.0,urban,low,14.8,2510,498.3,328.114,synthetic
truck,diesel,4643,14354,1,516.3,24.6,14.3,highway,low,40.4,4032,1349.7,275.373,synthetic
bus,diesel,5820,12817,15,756.3,102.1,17.6,highway,medium,22.3,951,474.0,504.167,synthetic
truck,diesel,5011,11010,15,98.8,99.5,107.7,highway,high,29.0,3080,67.1,98.945,synthetic
car,petrol,2241,1786,8,367.0,107.4,9.2,highway,medium,-0.3,83,193.5,76.945,synthetic
car,diesel,1638,1621,9,162.0,84.5,9.3,urban,low,26.6,99,124.7,24.365,synthetic
truck,diesel,4189,11525,8,716.3,81.4,9.0,urban,low,39.0,6879,549.3,379.802,synthetic
van,diesel,2251,3400,10,772.0,70.3,106.0,highway,high,3.9,1635,770.2,234.031,synthetic
car,petrol,1804,1070,8,388.2,31.3,20.3,mixed,high,31.9,314,784.8,97.635,synthetic
car,petrol,1674,900,9,92.2,37.0,11.6,highway,medium,-3.7,0,176.6,13.699,synthetic
bus,diesel,5320,11524,12,630.4,46.1,3.3,mixed,low,41.3,4644,826.2,417.318,synthetic
van,petrol,1955,2687,9,560.7,100.1,38.2,urban,medium,44.1,2093,399.9,168.166,synthetic
van,petrol,3022,1836,3,290.2,35.6,35.4,highway,high,12.7,2417,569.1,98.668,synthetic
van,diesel,2163,3593,9,711.1,103.1,6.3,mixed,medium,0.4,1028,445.1,171.302,synthetic
car,diesel,1295,1159,2,780.9,67.1,23.7,highway,medium,27.9,332,703.1,80.304,synthetic
car,diesel,1619,1380,5,450.7,84.4,23.5,urban,medium,-3.5,84,324.5,83.524,synthetic
car,petrol,1342,874,2,456.9,29.9,104.4,highway,high,19.1,409,1037.0,84.437,synthetic
car,petrol,1876,975,10,245.0,44.2,14.2,mixed,low,8.6,81,357.2,42.19,synthetic
truck,diesel,4429,18345,8,471.8,106.3,73.9,urban,high,18.7,5564,271.8,594.302,synthetic
van,diesel,2563,3139,2,357.3,44.0,37.5,highway,medium,-4.1,1329,532.1,97.256,synthetic
truck,diesel,4843,19254,1,248.7,46.7,30.4,highway,medium,-2.4,9323,358.0,194.225,synthetic
truck,petrol,4009,19981,7,63.1,37.8,14.3,mixed,medium,-4.2,8835,90.8,45.847,synthetic
car,diesel,1234,1172,5,209.6,31.6,37.5,highway,medium,26.0,51,368.8,24.449,synthetic
van,petrol,3297,2457,7,166.3,41.0,28.4,highway,medium,23.0,1170,226.0,53.234,synthetic
van,diesel,2537,3688,14,438.2,77.8,19.5,urban,medium,6.7,2323,327.6,159.589,synthetic
truck,diesel,4530,19979,12,485.3,61.0,10.2,mixed,low,27.3,13213,490.9,354.115,synthetic
car,diesel,1053,1430,6,490.8,69.8,19.0,highway,medium,39.2,295,481.1,37.414,synthetic
van,diesel,2647,3549,2,316.7,31.0,9.0,highway,medium,8.9,1516,615.9,81.88,synthetic
van,petrol,2742,3520,7,342.8,92.2,10.8,mixed,low,36.6,457,201.9,82.182,synthetic
car,diesel,1838,1155,9,669.0,90.6,102.4,highway,high,28.1,100,463.2,154.198,synthetic
car,diesel,2061,1374,0,386.2,21.9,10.9,urban,low,-3.3,126,1266.2,87.529,synthetic
van,petrol,2102,3633,0,790.3,54.5,13.0,mixed,medium,13.8,1323,873.9,175.373,synthetic
truck,diesel,4131,15322,12,357.3,26.2,14.3,mixed,low,20.4,11239,972.8,248.668,synthetic
car,diesel,2216,821,12,523.2,91.3,5.9,highway,medium,31.6,230,319.9,100.543,synthetic
van,petrol,3410,2541,9,49.8,86.4,16.6,highway,medium,9.4,490,32.9,15.498,synthetic
car,petrol,1204,944,12,526.1,101.2,14.1,highway,medium,44.1,220,348.6,61.297,synthetic
truck,diesel,4744,8495,7,682.6,41.3,0.7,mixed,low,29.2,3277,1042.3,332.894,synthetic
car,petrol,1321,1705,15,754.5,61.1,6.1,mixed,low,13.6,376,837.4,79.761,synthetic
truck,petrol,3650,5553,12,797.9,36.6,82.3,highway,high,-0.1,3331,1515.9,468.257,synthetic
car,petrol,1488,1020,8,232.9,53.4,35.9,mixed,medium,4.1,241,255.2,39.01,synthetic
car,petrol,1216,1110,9,464.5,67.0,39.6,mixed,medium,19.4,347,459.6,59.363,synthetic
car,petrol,2065,1417,5,366.1,24.8,12.1,highway,low,19.7,114,958.5,56.686,synthetic
car,diesel,1801,1334,4,455.4,84.3,66.9,highway,high,33.4,38,375.3,103.594,synthetic
van,diesel,2045,2280,1,134.4,68.9,10.9,highway,low,31.3,1496,120.4,17.584,synthetic
car,petrol,1014,964,10,686.4,94.6,104.4,urban,high,5.1,27,398.5,141.27,synthetic
truck,diesel,5520,8552,8,728.6,44.5,21.3,mixed,medium,24.7,9229,1054.2,691.107,synthetic
car,diesel,1264,1303,5,365.2,101.3,32.5,mixed,medium,-4.0,377,256.9,53.122,synthetic
car,petrol,1909,1071,7,231.5,109.9,21.9,highway,medium,14.9,165,114.3,40.007,synthetic
car,petrol,1505,1748,8,121.3,102.7,58.6,highway,high,33.2,244,68.8,22.119,synthetic
car,diesel,1878,1264,8,550.2,90.0,23.4,urban,medium,15.0,464,364.8,125.411,synthetic
car,petrol,1473,859,7,256.7,93.1,28.7,mixed,medium,36.8,236,186.8,42.718,synthetic
van,petrol,1948,3404,11,728.5,71.6,30.4,urban,medium,43.8,2492,608.3,179.7,synthetic
van,diesel,2179,2523,9,540.1,37.1,55.7,urban,high,25.4,561,848.5,188.588,synthetic
van,petrol,2120,3238,7,520.1,80.9,25.0,urban,medium,2.3,1831,422.0,146.604,synthetic
van,diesel,2528,2415,2,451.9,84.1,13.6,highway,low,14.0,1701,294.5,86.862,synthetic
van,diesel,2919,3056,12,46.2,108.7,14.6,urban,low,-4.5,2206,24.2,19.184,synthetic
car,diesel,1396,1572,2,746.2,68.7,3.4,mixed,low,25.1,46,666.2,70.248,synthetic
van,diesel,1821,3842,1,506.1,44.4,2.9,highway,low,36.1,844,688.1,67.808,synthetic
bus,diesel,5557,10611,15,795.3,81.5,10.2,urban,low,26.5,1095,587.7,560.878,synthetic
van,diesel,2830,2537,0,434.5,108.1,19.5,highway,medium,34.3,2346,224.8,122.536,synthetic
van,diesel,3437,2821,15,571.0,35.9,0.4,urban,low,35.0,1181,960.9,223.87,synthetic
car,petrol,1884,1727,3,54.4,49.3,17.1,urban,medium,37.6,455,75.4,12.665,synthetic
truck,petrol,4678,18521,1,509.1,68.8,33.2,urban,medium,8.3,5122,454.9,394.701,synthetic
truck,diesel,4934,6348,13,614.1,35.3,12.0,mixed,low,38.6,2769,1122.3,362.191,synthetic
van,diesel,3377,2090,13,625.0,22.0,7.4,urban,low,27.7,882,1617.8,236.952,synthetic
bus,diesel,6485,12955,1,618.4,50.3,7.1,urban,low,9.5,3187,678.9,469.736,synthetic
car,petrol,1484,907,12,188.8,97.9,8.7,highway,low,44.4,423,134.7,21.62,synthetic
car,petrol,1356,1146,10,780.6,23.9,41.9,mixed,high,42.5,193,1957.4,139.327,synthetic
truck,petrol,4157,7226,10,796.2,58.6,23.4,highway,medium,23.7,13807,819.3,477.033,synthetic
truck,diesel,4761,14541,4,69.7,88.6,0.2,mixed,low,37.2,4419,54.9,34.683,synthetic
car,diesel,2116,1749,3,749.8,105.8,21.6,highway,medium,8.1,347,473.0,148.947,synthetic
car,petrol,1755,1797,0,238.7,108.7,5.0,highway,low,15.8,368,148.5,31.151,synthetic
car,diesel,1102,1175,14,554.5,58.0,28.6,highway,medium,4.2,137,633.9,55.227,synthetic
car,diesel,2085,1399,14,277.1,105.5,27.3,mixed,medium,21.0,13,146.8,68.195,synthetic
truck,diesel,5515,17844,8,774.5,23.2,18.3,highway,medium,19.8,6113,2379.7,652.309,synthetic
van,petrol,2292,2058,13,90.2,87.1,5.3,highway,medium,5.6,304,72.8,17.557,synthetic
car,petrol,1996,1490,3,403.2,77.8,3.8,highway,low,28.6,450,301.7,57.214,synthetic
car,diesel,1640,1209,4,348.2,42.5,27.2,highway,medium,0.9,477,561.5,53.784,synthetic
car,diesel,2334,1006,6,267.6,65.7,27.2,highway,high,-1.9,368,250.1,64.236,synthetic
car,petrol,2268,1203,1,520.0,31.7,30.8,urban,high,14.2,363,1089.0,190.809,synthetic
van,diesel,2693,1967,7,113.5,98.4,9.7,highway,low,15.5,754,65.7,24.248,synthetic
bus,diesel,6075,14954,10,576.2,52.2,31.5,urban,medium,11.0,833,702.9,614.289,synthetic
truck,diesel,5708,8791,15,784.7,76.3,16.3,highway,medium,7.9,12229,578.4,636.53,synthetic
car,petrol,1744,1111,1,645.6,34.3,69.0,urban,high,11.9,280,1198.4,193.88,synthetic
truck,diesel,4283,6816,10,689.4,38.6,14.2,urban,low,3.2,10543,1044.0,484.867,synthetic
truck,diesel,5384,17970,9,294.1,109.3,38.1,highway,medium,15.2,11915,167.3,296.298,synthetic
truck,diesel,4050,12402,4,266.7,87.8,4.6,urban,low,40.2,6732,200.6,148.925,synthetic
van,diesel,2461,3059,12,418.5,106.6,33.3,highway,medium,6.2,532,274.0,112.99,synthetic
car,petrol,2299,1369,11,46.1,46.6,25.8,highway,medium,29.2,398,56.4,9.369,synthetic
car,petrol,2087,1210,1,756.8,34.8,117.5,urban,high,2.1,227,1523.6,318.434,synthetic
car,petrol,1606,993,1,123.6,65.3,67.8,urban,high,12.7,413,115.5,30.479,synthetic
car,petrol,1322,1545,3,723.4,64.5,32.1,urban,medium,11.1,219,775.7,110.493,synthetic
car,petrol,1534,927,3,76.0,35.7,31.9,highway,medium,41.9,109,134.5,10.479,synthetic
van,petrol,2283,2029,15,659.9,86.0,7.5,highway,low,16.4,593,533.5,117.354,synthetic
truck,diesel,3940,15652,12,130.1,52.6,32.8,highway,medium,29.5,11415,163.1,84.263,synthetic
van,diesel,3064,2259,7,40.1,36.8,14.1,urban,medium,25.1,1522,68.9,13.863,synthetic
car,diesel,1378,1107,12,578.4,49.9,1.8,urban,low,2.1,202,691.4,76.605,synthetic
bus,diesel,5363,12752,15,231.4,70.7,62.5,highway,high,42.0,2715,233.7,200.733,synthetic
bus,diesel,5158,12494,5,574.5,85.4,14.2,mixed,low,12.3,2973,460.3,349.676,synthetic
truck,diesel,5955,15629,9,448.5,63.4,22.5,highway,medium,-2.8,4352,430.8,335.902,synthetic
bus,diesel,5173,14234,7,96.0,67.3,83.5,mixed,high,10.0,2202,81.3,93.362,synthetic
van,diesel,1936,3218,15,746.4,32.5,82.4,highway,high,11.8,873,1562.1,210.739,synthetic
bus,diesel,4269,15141,12,367.3,102.3,33.3,mixed,high,-0.4,2248,257.8,290.136,synthetic
car,petrol,1886,1093,6,590.2,103.6,5.9,urban,low,26.0,250,336.3,121.136,synthetic
car,diesel,1899,1122,12,405.8,81.5,90.7,mixed,high,12.3,87,350.9,118.31,synthetic
car,petrol,1628,1238,9,487.4,21.6,14.6,highway,low,26.5,197,1270.3,66.099,synthetic
car,diesel,1648,1107,3,249.2,68.3,36.8,urban,high,-4.7,193,259.4,55.81,synthetic
car,diesel,1081,1785,1,168.3,76.6,19.4,highway,medium,44.1,143,148.1,15.347,synthetic
van,diesel,2678,3591,14,438.6,109.5,29.5,mixed,high,3.5,2497,241.3,202.889,synthetic
truck,diesel,4762,7470,8,357.8,109.6,3.6,mixed,low,28.0,2031,194.1,188.169,synthetic
van,petrol,2054,1812,1,318.2,97.2,18.2,highway,medium,30.8,1679,214.7,59.559,synthetic
car,diesel,1156,843,0,541.3,25.7,74.1,urban,high,3.6,87,1360.1,110.706,synthetic
truck,petrol,3809,8661,7,555.5,105.8,43.1,urban,high,0.6,12753,370.4,617.478,synthetic
van,petrol,1972,2051,9,46.3,75.1,3.4,highway,low,2.6,2303,41.8,6.356,synthetic
car,petrol,1915,1333,14,277.6,92.1,97.8,highway,high,7.3,201,192.1,71.201,synthetic
van,petrol,2134,3688,8,335.3,56.6,14.4,mixed,low,3.4,2094,418.4,63.446,synthetic
car,petrol,1377,1537,0,86.5,48.8,16.3,urban,medium,28.7,125,114.8,14.3,synthetic
car,diesel,1260,1016,6,196.4,61.7,29.1,highway,medium,16.0,70,220.6,19.754,synthetic
bus,petrol,6874,11993,1,50.8,33.2,3.9,highway,low,21.9,1921,105.7,32.07,synthetic
car,petrol,2282,1308,5,797.0,52.1,13.9,highway,low,-2.6,171,1078.5,131.665,synthetic
van,petrol,2192,3582,12,591.9,97.2,87.3,urban,high,38.1,1114,336.3,304.67,synthetic
truck,diesel,4319,17587,10,79.1,23.4,33.1,highway,medium,3.5,6221,217.9,57.743,synthetic
truck,diesel,4025,18646,4,26.0,33.6,0.7,urban,low,13.0,6756,48.3,15.591,synthetic
car,petrol,1738,1309,0,578.2,31.3,79.9,highway,high,-1.4,355,1162.2,141.126,synthetic
car,diesel,1029,1494,15,357.0,56.3,72.8,highway,high,1.8,123,395.0,45.768,synthetic
car,diesel,2007,912,1,631.6,109.7,15.3,highway,medium,28.3,9,397.6,109.436,synthetic
van,petrol,2689,3044,1,739.5,35.6,3.9,mixed,low,29.6,1326,1240.8,174.94,synthetic
van,diesel,3328,2347,15,483.4,33.1,8.7,highway,low,28.8,1231,910.5,139.1,synthetic
car,diesel,1247,1232,9,157.8,102.4,29.7,mixed,medium,22.6,30,88.8,22.026,synthetic
bus,diesel,6412,14341,9,627.9,99.4,6.2,highway,medium,42.6,1102,369.8,432.784,synthetic
van,diesel,3146,2365,5,765.1,22.9,24.9,urban,medium,20.4,1373,2201.2,334.026,synthetic
car,petrol,1191,852,10,468.4,87.7,37.0,highway,high,17.5,117,299.8,60.357,synthetic
van,diesel,2478,1823,11,548.8,79.0,9.9,mixed,medium,7.4,2218,398.6,126.435,synthetic
van,petrol,2089,1849,0,276.6,89.1,9.3,mixed,low,-0.1,599,197.2,45.066,synthetic
car,petrol,1382,808,10,311.4,64.5,51.1,highway,high,22.4,10,264.5,49.172,synthetic
car,diesel,1395,910,12,590.4,109.2,20.4,highway,medium,10.7,224,304.2,81.219,synthetic
truck,diesel,4891,8592,3,742.9,23.9,17.6,mixed,medium,21.2,14806,2157.5,682.104,synthetic
van,petrol,2499,2287,11,506.9,41.1,84.8,highway,high,5.3,1658,854.0,170.589,synthetic
van,diesel,3411,3971,15,634.0,55.7,67.0,urban,high,36.9,1014,686.0,400.082,synthetic
van,diesel,2015,2473,9,145.6,60.5,38.7,highway,medium,45.0,239,145.1,28.607,synthetic
car,petrol,2461,927,10,177.4,102.9,5.3,urban,low,11.1,242,122.2,52.121,synthetic
car,petrol,1346,1346,15,430.3,70.4,94.0,urban,high,37.1,103,332.9,110.391,synthetic
van,petrol,3114,3688,4,149.5,24.1,14.0,highway,medium,38.6,1690,400.4,45.854,synthetic
car,petrol,1508,1478,1,511.6,56.7,22.8,urban,medium,44.8,292,584.2,87.094,synthetic
car,diesel,1215,1096,1,240.4,57.5,24.3,urban,medium,12.1,133,285.1,30.389,synthetic
truck,diesel,5645,13424,14,635.3,106.9,16.5,highway,medium,32.8,1964,422.8,425.802,synthetic
bus,diesel,4927,15149,6,648.4,73.9,67.2,urban,high,6.4,3898,529.8,689.517,synthetic
truck,diesel,5147,15922,6,376.4,77.2,14.8,urban,medium,26.2,9196,301.7,350.173,synthetic
truck,diesel,4916,14998,5,152.8,84.2,20.6,highway,high,30.2,12790,120.0,149.837,synthetic
car,diesel,1708,1671,15,521.0,89.3,41.6,mixed,high,32.1,130,416.6,114.299,synthetic
bus,diesel,5487,16701,0,794.3,77.2,90.0,mixed,high,5.4,3438,721.0,850.608,synthetic
car,diesel,2098,1379,11,501.8,41.3,32.0,highway,medium,37.4,59,801.1,91.42,synthetic
bus,petrol,4263,12299,12,38.3,98.7,48.0,mixed,high,16.0,1813,26.9,29.73,synthetic
bus,diesel,6005,14416,11,23.7,85.9,19.3,highway,medium,5.8,3454,15.3,16.0,synthetic
truck,diesel,5740,17273,2,263.1,86.8,0.6,urban,low,22.1,12558,184.3,271.247,synthetic
bus,diesel,4173,8057,8,164.7,109.7,43.7,highway,high,38.2,1944,81.4,99.183,synthetic
van,petrol,2039,3982,9,652.3,92.2,32.3,mixed,medium,43.4,2037,404.5,154.273,synthetic
car,diesel,2075,983,0,677.4,94.6,9.1,mixed,low,32.4,339,467.8,103.849,synthetic
van,diesel,2543,2835,1,214.3,105.6,3.1,urban,low,-4.7,1002,141.9,56.131,synthetic
van,petrol,2486,3718,7,267.3,33.6,3.9,highway,low,1.7,2216,520.1,57.903,synthetic
car,petrol,1205,1025,6,196.6,64.8,101.7,highway,high,-1.2,255,200.2,30.381,synthetic
van,petrol,2662,2849,8,727.6,72.3,12.3,urban,medium,0.1,1691,562.6,225.215,synthetic
bus,petrol,4380,9326,9,407.1,49.6,5.0,highway,low,14.2,2730,541.0,166.193,synthetic
car,petrol,1715,1195,11,528.3,95.5,86.4,highway,high,11.9,226,343.8,114.572,synthetic
truck,diesel,5409,7657,14,338.2,88.6,8.4,mixed,low,0.7,12872,250.9,232.027,synthetic
bus,diesel,4775,11636,14,508.5,84.9,66.1,mixed,high,39.1,1826,358.7,449.074,synthetic
bus,diesel,5442,11735,14,314.8,109.7,36.5,highway,medium,25.8,665,184.9,226.239,synthetic
bus,diesel,6976,17932,11,278.3,43.3,12.7,highway,medium,34.8,4459,395.8,276.017,synthetic
van,diesel,2967,3989,3,511.2,86.2,30.9,mixed,medium,13.6,2098,379.9,161.816,synthetic
bus,diesel,6524,9148,3,476.9,69.6,10.6,mixed,medium,15.5,2150,388.0,320.91,synthetic
truck,diesel,4537,15890,6,241.9,48.2,81.6,urban,high,10.9,3596,306.9,280.153,synthetic
car,diesel,2152,852,0,128.0,34.5,13.1,highway,low,16.9,338,225.6,19.642,synthetic
van,petrol,1869,1866,9,301.2,100.6,65.8,mixed,high,25.5,381,201.3,85.563,synthetic
truck,diesel,3807,6580,11,338.0,73.6,30.4,mixed,medium,19.6,6933,306.4,170.625,synthetic
car,petrol,1305,1765,8,506.7,94.2,33.7,highway,medium,36.9,43,378.3,58.824,synthetic
van,petrol,2483,3870,1,732.5,69.1,9.8,urban,medium,40.0,1575,693.2,195.63,synthetic
van,petrol,3238,2227,14,38.6,39.8,10.6,urban,low,18.5,263,57.8,14.455,synthetic
car,petrol,1519,962,0,202.5,50.4,37.2,urban,medium,7.0,315,273.7,37.626,synthetic
van,diesel,2913,2329,6,163.0,54.3,77.6,mixed,high,42.3,1748,188.9,79.063,synthetic
truck,diesel,5273,12733,5,406.8,107.6,2.8,urban,low,31.8,7820,217.4,352.525,synthetic
van,diesel,2797,3053,11,349.5,20.5,9.4,mixed,medium,27.0,603,1149.5,125.385,synthetic
car,petrol,1536,1022,2,585.9,108.7,14.1,urban,medium,32.3,51,303.9,114.126,synthetic
car,diesel,1866,1557,0,201.5,108.2,8.6,highway,medium,-1.2,157,106.5,34.129,synthetic
car,petrol,1513,1110,11,479.7,109.7,7.7,urban,low,-1.6,233,296.0,81.259,synthetic
bus,diesel,4252,17221,4,708.2,62.9,7.4,mixed,medium,2.7,3390,764.2,450.256,synthetic
car,petrol,2489,1457,9,729.4,106.7,42.3,mixed,high,2.4,1,466.3,262.881,synthetic
van,petrol,2016,2760,13,767.4,55.6,6.6,urban,low,16.0,1835,818.2,150.923,synthetic
car,diesel,1109,1590,3,620.9,22.4,21.6,highway,medium,2.9,356,1932.0,68.159,synthetic
car,petrol,2318,1618,4,725.7,40.2,24.8,mixed,medium,37.7,222,1210.0,172.932,synthetic
truck,diesel,4255,9357,0,195.3,105.1,29.7,urban,medium,23.9,5808,128.3,151.409,synthetic
truck,diesel,5126,10096,0,166.1,21.2,6.7,mixed,medium,13.4,12792,522.0,158.608,synthetic
car,petrol,1494,1736,4,15.1,69.1,7.8,highway,medium,-1.5,392,14.1,1.713,synthetic
van,diesel,2465,2162,5,568.4,26.8,0.9,highway,low,24.6,2462,1186.9,110.904,synthetic
car,petrol,1393,842,4,750.6,45.8,62.3,highway,high,0.8,186,1095.3,125.488,synthetic
van,petrol,2383,2799,1,157.7,27.9,24.2,mixed,high,32.2,2286,375.0,52.346,synthetic
van,diesel,2498,3563,8,513.2,97.4,11.2,mixed,low,35.1,401,314.3,124.467,synthetic
car,diesel,2081,1572,4,599.7,73.2,12.8,urban,medium,22.2,206,550.9,134.225,synthetic
car,petrol,1767,1720,10,742.8,101.2,113.9,highway,high,2.5,233,469.1,227.454,synthetic
car,diesel,2415,1333,10,521.0,82.0,68.6,highway,high,34.3,220,407.3,146.649,synthetic
bus,diesel,4126,9001,4,776.5,107.4,64.6,urban,high,10.4,3313,438.3,700.377,synthetic
bus,diesel,5509,13887,9,282.3,65.9,98.1,urban,high,6.1,1266,240.4,337.182,synthetic
car,petrol,1876,1578,8,286.4,77.5,10.7,mixed,low,18.5,433,214.1,43.456,synthetic
truck,diesel,5800,6400,2,439.0,71.9,80.7,highway,high,41.1,8725,414.4,437.708,synthetic
car,petrol,1074,973,4,313.0,63.6,113.5,urban,high,9.9,452,289.8,58.615,synthetic
car,petrol,1860,812,14,11.1,96.1,19.8,highway,medium,40.3,1,6.3,2.107,synthetic
truck,diesel,5634,13905,12,588.1,78.0,33.3,urban,medium,-2.3,9820,542.4,715.859,synthetic
bus,diesel,4726,16867,11,603.9,92.1,18.3,urban,medium,-0.8,2356,378.8,479.21,synthetic
bus,diesel,6629,14707,4,600.1,90.8,34.3,mixed,medium,29.9,2773,435.0,545.248,synthetic
van,petrol,1832,3960,1,282.6,37.2,3.9,urban,low,4.5,1911,537.0,60.787,synthetic
car,petrol,2099,863,10,422.6,78.5,4.3,urban,low,10.8,114,348.8,83.059,synthetic
truck,diesel,5833,18545,3,294.4,38.0,10.2,highway,low,1.8,3869,530.2,190.046,synthetic
car,diesel,1986,1614,10,22.7,72.5,12.4,mixed,medium,11.6,352,22.4,4.124,synthetic
van,diesel,2546,2491,10,454.3,81.0,3.4,highway,low,9.0,1399,389.9,84.925,synthetic
car,petrol,1067,1774,1,107.8,109.8,50.5,highway,high,31.8,117,62.9,13.318,synthetic
van,diesel,3364,2433,4,73.2,22.7,10.2,mixed,low,30.1,1313,194.9,26.17,synthetic
car,diesel,1705,1689,9,606.8,28.2,108.9,mixed,high,42.7,230,1348.4,196.389,synthetic
car,diesel,1043,1681,12,17.5,26.9,87.5,urban,high,31.2,346,45.0,3.705,synthetic
bus,diesel,6069,15577,11,767.6,55.9,102.8,highway,high,29.7,512,953.3,769.577,synthetic
car,petrol,1723,1363,1,417.1,93.9,24.0,mixed,medium,29.7,293,307.3,73.31,synthetic
van,petrol,2011,2064,9,786.6,96.0,1.0,highway,low,39.1,1593,530.7,123.546,synthetic
car,petrol,1321,1332,14,55.8,86.3,8.5,highway,medium,9.8,373,40.5,6.053,synthetic
car,petrol,1097,1157,13,471.0,100.7,8.3,highway,low,10.0,445,278.7,36.832,synthetic
car,petrol,1861,1592,8,286.0,49.1,52.8,highway,high,32.1,220,315.1,59.601,synthetic
car,petrol,1933,1558,9,676.4,27.9,12.7,mixed,medium,6.4,171,1640.7,145.781,synthetic
truck,diesel,4764,18659,5,295.4,25.2,21.3,urban,medium,40.6,2432,690.4,254.854,synthetic
car,petrol,2226,815,7,215.8,96.7,86.6,urban,high,21.7,168,133.8,88.925,synthetic
bus,diesel,6583,16091,8,687.5,85.7,58.5,mixed,high,10.0,808,554.7,780.664,synthetic
van,diesel,2847,3865,14,306.0,82.9,100.3,highway,high,33.8,2046,202.8,143.624,synthetic
van,petrol,1822,3536,12,23.3,50.6,30.8,highway,medium,10.6,2056,32.6,4.271,synthetic
van,diesel,2982,2086,7,318.3,54.2,30.7,urban,medium,43.2,1160,317.3,125.039,synthetic
van,petrol,2511,1979,4,527.1,106.2,39.5,urban,medium,44.1,797,351.8,186.032,synthetic
truck,diesel,4914,5313,4,210.9,25.7,4.4,urban,low,28.3,2652,509.6,131.024,synthetic
car,diesel,1974,1429,5,351.3,89.6,84.5,highway,high,0.7,426,218.8,93.684,synthetic
car,petrol,1525,1430,13,54.8,47.9,34.9,urban,medium,8.2,439,75.7,11.652,synthetic
truck,diesel,5793,19804,0,474.6,23.5,8.7,highway,low,20.8,4728,1415.3,287.695,synthetic
bus,diesel,4402,11980,12,607.5,86.8,99.0,highway,high,37.6,3298,433.0,491.998,synthetic
truck,diesel,5179,9979,10,336.5,49.8,19.5,highway,medium,4.2,4621,449.2,198.562,synthetic
van,petrol,1807,3174,7,342.0,85.0,79.0,highway,high,0.2,718,288.2,79.362,synthetic
truck,diesel,5812,17384,1,79.7,83.7,25.6,urban,high,-1.3,1297,55.6,87.249,synthetic
van,diesel,1991,3861,5,169.5,68.1,118.6,highway,high,20.3,1527,171.1,43.664,synthetic
van,petrol,1961,3567,13,132.2,90.0,12.0,mixed,low,39.2,545,87.2,25.988,synthetic
car,diesel,1500,1227,13,390.5,72.3,13.0,mixed,low,-2.9,6,333.2,47.949,synthetic
van,diesel,2435,3197,8,428.1,45.8,89.4,urban,high,5.6,441,552.2,222.16,synthetic
car,petrol,1321,1656,12,759.7,86.1,38.6,mixed,high,29.7,157,547.5,132.179,synthetic
car,petrol,1878,1291,2,67.9,73.0,6.1,mixed,medium,36.3,335,50.3,12.103,synthetic
truck,diesel,4607,8250,1,483.9,21.1,35.3,urban,medium,35.4,3837,1360.7,417.287,synthetic
car,petrol,1051,970,9,425.9,101.1,5.9,urban,low,34.3,444,261.1,45.734,synthetic
car,diesel,1479,800,4,417.8,69.1,46.4,mixed,high,1.5,144,395.3,68.952,synthetic
car,petrol,2216,1518,10,699.8,98.2,8.4,urban,low,14.9,166,466.7,163.277,synthetic
bus,diesel,6069,9111,8,172.4,99.4,6.3,highway,low,44.2,1481,111.8,91.462,synthetic
van,diesel,3032,2336,5,42.2,60.0,27.8,mixed,medium,44.4,784,41.7,14.505,synthetic
van,petrol,2987,2455,13,541.1,65.7,7.3,highway,low,25.1,371,585.3,111.51,synthetic
truck,diesel,4277,13406,15,282.7,57.4,89.7,highway,high,30.5,5127,300.6,223.551,synthetic
truck,diesel,3749,10969,7,23.9,60.4,12.8,highway,low,42.6,13035,22.9,10.276,synthetic
car,diesel,1409,1475,7,208.6,100.6,2.9,highway,low,17.5,344,132.7,22.022,synthetic
van,diesel,3214,1922,6,254.4,90.9,16.5,highway,medium,1.8,2213,188.8,72.625,synthetic
truck,diesel,5951,6859,4,497.3,31.4,20.3,mixed,medium,28.4,2468,859.1,389.947,synthetic
van,diesel,2640,2898,1,146.3,74.9,14.4,highway,low,43.0,1248,115.2,28.271,synthetic
car,petrol,1015,1137,13,336.3,109.6,17.8,highway,medium,29.9,115,211.2,31.638,synthetic
truck,diesel,3850,9437,14,391.2,73.6,18.3,highway,medium,35.2,11097,335.5,214.819,synthetic
van,petrol,2348,1947,9,372.8,90.7,85.3,urban,high,16.1,2432,252.1,168.998,synthetic
car,petrol,1868,1696,9,779.4,89.2,6.3,mixed,low,-0.2,408,618.1,117.967,synthetic
van,petrol,1928,3322,4,45.9,51.5,115.1,highway,high,3.4,281,49.6,13.486,synthetic
car,petrol,2415,922,11,761.3,53.5,36.3,highway,medium,44.1,158,926.6,164.214,synthetic
car,petrol,1548,865,15,469.7,85.2,7.7,urban,low,19.7,14,331.8,73.993,synthetic
truck,diesel,5781,19623,6,638.6,65.0,9.7,urban,low,-4.4,1562,543.1,489.979,synthetic
car,petrol,2171,1481,11,350.0,71.4,7.0,highway,medium,42.8,40,283.8,60.711,synthetic
van,diesel,3084,2718,11,368.5,84.2,10.4,highway,low,19.9,836,286.0,86.521,synthetic
van,diesel,2831,3344,6,704.7,90.0,29.8,urban,medium,36.8,900,426.9,250.869,synthetic
car,petrol,1940,1556,10,717.8,44.4,5.4,highway,low,22.4,200,1044.5,110.559,synthetic
bus,diesel,5914,15800,15,198.6,33.2,12.7,mixed,medium,0.1,2322,425.8,190.105,synthetic
car,diesel,1943,1278,12,167.4,46.3,37.0,highway,medium,25.8,386,247.2,32.122,synthetic
car,petrol,1831,1230,14,402.0,65.7,6.4,highway,low,44.9,71,368.6,47.99,synthetic
car,petrol,2480,811,1,721.2,50.8,27.9,mixed,medium,-3.3,79,802.1,172.847,synthetic
car,petrol,2098,1727,6,264.7,71.2,23.3,mixed,high,37.1,313,232.0,64.975,synthetic
car,diesel,2165,1403,5,525.1,24.8,6.2,highway,low,6.8,286,1292.5,80.82,synthetic
truck,diesel,5681,8047,6,569.4,65.9,101.7,mixed,high,14.7,3156,618.0,590.941,synthetic
bus,diesel,4647,17196,10,625.2,53.1,18.6,mixed,medium,13.6,4335,845.2,407.335,synthetic
car,petrol,1126,1715,15,455.5,68.1,80.3,highway,high,39.9,165,410.5,60.35,synthetic
van,diesel,2621,3976,7,327.9,58.0,3.1,urban,low,20.2,1044,320.3,79.741,synthetic
truck,petrol,4785,18111,3,773.9,45.6,61.7,highway,high,17.4,6886,1195.2,705.907,synthetic
truck,diesel,5573,19967,0,493.0,101.4,37.5,highway,medium,35.9,5518,332.1,427.706,synthetic
van,diesel,2554,2338,7,585.6,36.6,24.8,highway,medium,-2.6,1482,1010.4,155.285,synthetic
car,petrol,1856,1642,7,282.5,81.3,36.6,urban,medium,-0.7,194,210.5,67.213,synthetic
car,petrol,1791,1623,2,539.3,103.2,13.5,mixed,low,-3.9,130,324.3,88.269,synthetic
truck,petrol,3596,8464,2,213.7,68.5,114.4,urban,high,29.4,13663,219.1,230.261,synthetic
truck,diesel,5038,6477,4,203.6,98.9,36.3,highway,medium,21.3,5317,118.1,126.596,synthetic
car,petrol,2242,1779,13,574.6,31.2,0.0,urban,low,38.8,349,1260.5,123.513,synthetic
car,petrol,1236,1096,2,421.9,64.4,14.0,urban,low,19.9,174,355.7,49.088,synthetic
bus,diesel,5783,16709,14,549.8,61.1,2.1,mixed,low,6.1,2458,634.7,374.195,synthetic
truck,diesel,4984,5062,13,222.9,20.7,6.4,highway,medium,35.3,4303,677.3,131.128,synthetic
bus,diesel,4493,8210,4,483.0,59.9,6.9,urban,medium,9.7,3885,468.4,267.978,synthetic
truck,diesel,3809,11988,14,360.7,53.2,17.2,urban,medium,41.8,11321,366.4,293.264,synthetic
car,diesel,2470,1039,7,481.6,80.3,26.7,mixed,medium,7.5,11,384.4,120.496,synthetic
van,diesel,2469,3318,0,239.8,104.4,19.1,highway,medium,3.4,338,134.1,53.401,synthetic
van,diesel,2187,3044,1,575.2,27.7,5.9,highway,medium,19.7,2321,1356.3,121.414,synthetic
car,petrol,1257,877,1,646.7,49.5,7.1,urban,low,-2.5,444,772.0,83.282,synthetic
van,petrol,2935,2158,11,215.3,60.0,6.6,mixed,low,-3.2,1364,199.6,63.187,synthetic
truck,diesel,5024,10821,15,247.5,61.0,11.4,urban,low,19.8,7907,256.1,187.99,synthetic
car,diesel,1965,986,3,532.3,89.7,48.0,mixed,high,5.8,406,380.6,139.598,synthetic
truck,diesel,3720,16883,8,559.5,59.9,12.6,highway,medium,-4.5,2938,580.4,230.964,synthetic
van,diesel,3319,2715,1,566.2,22.4,45.6,urban,high,9.8,1704,1570.3,334.306,synthetic
bus,diesel,5168,8934,11,549.3,83.9,15.6,urban,medium,18.9,2642,423.0,406.539,synthetic
car,petrol,1470,1284,15,320.3,99.6,79.9,urban,high,14.7,372,204.1,95.222,synthetic
car,petrol,1694,891,13,321.9,66.3,21.5,mixed,medium,1.8,15,274.0,56.265,synthetic
van,diesel,2463,2084,10,211.3,72.3,16.8,mixed,medium,24.0,1563,168.2,57.079,synthetic
car,petrol,2295,1040,12,133.9,34.7,5.6,mixed,low,30.5,278,218.4,26.203,synthetic
truck,petrol,5823,17893,14,557.1,39.9,18.0,urban,medium,28.8,12772,929.2,751.95,synthetic
truck,petrol,4259,18869,11,83.6,41.2,117.2,mixed,high,14.7,10476,129.0,119.534,synthetic
car,petrol,2296,1626,8,750.9,58.8,3.5,urban,low,1.9,440,788.8,179.084,synthetic
van,diesel,3129,2535,6,663.1,103.5,12.3,mixed,low,20.0,2241,437.9,204.946,synthetic
van,diesel,3382,2399,9,687.4,67.0,29.8,mixed,medium,39.5,1139,614.6,191.169,synthetic
car,diesel,1369,1349,7,726.3,37.3,20.6,urban,high,18.4,69,1250.9,141.839,synthetic
bus,diesel,5731,15219,0,332.8,43.9,39.8,mixed,medium,4.8,3336,419.1,291.806,synthetic
truck,diesel,4186,19901,12,678.9,54.6,11.3,urban,low,-0.3,13232,838.6,557.281,synthetic
van,diesel,3201,2089,4,134.9,76.1,28.9,highway,medium,42.2,372,117.9,37.021,synthetic
truck,diesel,3513,5739,8,27.1,59.6,19.2,urban,medium,32.2,8811,31.1,17.299,synthetic
van,petrol,2760,3328,11,630.1,55.3,75.5,highway,high,10.6,464,796.4,240.901,synthetic
bus,diesel,5018,16322,3,69.1,70.8,45.3,urban,high,9.8,621,66.0,63.37,synthetic
van,petrol,2349,3662,1,790.9,41.8,6.2,mixed,medium,39.8,1763,1310.5,199.819,synthetic
truck,diesel,5112,15177,5,543.1,27.1,12.5,highway,low,3.9,10546,1206.8,376.657,synthetic
truck,diesel,5629,19310,1,605.2,22.2,109.6,highway,high,21.8,9409,1640.9,910.955,synthetic
car,diesel,1914,1311,2,204.2,42.6,10.7,urban,medium,30.7,430,340.2,45.613,synthetic
truck,diesel,5633,18707,13,542.4,28.2,98.7,highway,high,14.8,2132,1353.1,639.614,synthetic
car,petrol,1397,1768,7,44.1,50.3,30.9,urban,medium,-3.0,53,56.1,7.263,synthetic
car,diesel,1779,1647,14,671.9,89.6,37.8,urban,high,6.4,432,454.6,186.293,synthetic
car,petrol,1676,1110,15,144.0,84.5,62.2,highway,high,40.1,252,118.6,30.735,synthetic
bus,diesel,4035,9962,2,560.9,75.0,19.8,highway,medium,21.2,1729,447.5,199.399,synthetic
truck,diesel,4892,13222,1,187.3,96.7,96.0,mixed,high,35.8,11334,109.9,247.243,synthetic
truck,petrol,5154,11795,5,64.1,45.4,12.6,highway,low,22.8,13522,92.5,43.707,synthetic
truck,petrol,4980,18166,13,390.4,99.7,29.5,urban,high,42.2,10654,214.5,583.12,synthetic
van,diesel,3052,2020,2,143.7,55.9,76.3,mixed,high,40.5,2021,156.3,68.067,synthetic
bus,petrol,5714,10577,15,586.3,56.1,31.7,mixed,medium,19.1,1771,716.5,458.141,synthetic
van,petrol,1913,3454,0,197.7,56.5,32.5,highway,medium,10.9,864,207.6,32.692,synthetic
car,diesel,1175,895,11,280.6,28.8,10.2,urban,medium,25.1,432,688.7,39.424,synthetic
car,petrol,1895,1121,13,458.3,107.8,72.6,mixed,high,28.7,307,302.7,134.311,synthetic
truck,diesel,4187,10807,14,235.1,32.5,105.8,mixed,high,19.9,4278,497.4,244.267,synthetic
truck,petrol,3699,14339,14,308.6,50.7,16.1,mixed,medium,36.1,8338,437.1,182.841,synthetic
car,petrol,1644,958,13,654.3,48.7,62.5,urban,high,4.2,343,853.3,177.119,synthetic
car,diesel,1831,1661,2,151.6,26.7,33.2,highway,medium,11.7,109,364.4,25.593,synthetic
truck,diesel,4322,11713,5,74.9,33.7,1.3,urban,low,29.3,10169,153.5,49.008,synthetic
car,petrol,2081,1717,15,269.4,24.0,35.1,urban,medium,7.3,21,704.6,79.355,synthetic
truck,diesel,5109,12018,2,345.3,46.3,15.9,urban,medium,17.0,5252,457.1,302.01,synthetic
bus,diesel,4998,10750,8,438.7,98.0,0.0,highway,low,43.2,3533,291.3,203.331,synthetic
van,petrol,3083,2112,6,304.2,50.5,13.2,highway,medium,26.3,544,396.2,72.882,synthetic
car,petrol,1973,804,13,634.0,31.1,8.1,mixed,medium,42.5,111,1375.0,135.065,synthetic
truck,petrol,5094,12982,4,41.1,78.1,29.2,highway,high,31.1,13307,34.7,38.137,synthetic
truck,diesel,4884,6607,1,351.1,109.7,10.4,highway,low,31.2,10440,215.8,179.526,synthetic
van,diesel,1819,2662,14,312.0,40.9,12.5,mixed,medium,24.6,1348,504.4,68.153,synthetic
bus,diesel,6090,13893,8,521.6,45.2,37.7,urban,medium,2.1,1449,723.5,499.334,synthetic
car,petrol,1564,1076,4,773.4,107.5,71.6,highway,high,21.0,171,406.1,150.038,synthetic
van,petrol,3402,2185,6,413.2,36.1,21.1,urban,medium,7.6,1521,780.1,188.324,synthetic
truck,diesel,5545,16621,8,789.6,66.0,63.4,urban,high,44.9,3174,652.6,934.856,synthetic
truck,diesel,4969,19202,3,248.8,41.6,89.3,urban,high,8.3,7744,430.1,376.174,synthetic
car,petrol,1378,900,8,34.4,103.9,20.8,mixed,medium,6.5,204,22.8,5.415,synthetic
truck,diesel,4009,7334,0,140.9,108.3,1.9,highway,low,26.2,7674,85.9,57.421,synthetic
van,diesel,2379,3912,11,322.1,93.3,108.0,mixed,high,20.5,443,246.5,129.11,synthetic
car,petrol,1715,838,5,259.9,48.3,20.0,highway,medium,-3.9,53,349.7,39.603,synthetic
car,petrol,1444,1778,1,86.7,56.3,7.6,urban,medium,1.5,482,84.7,13.97,synthetic
truck,diesel,4787,5070,7,351.8,41.8,23.5,mixed,medium,35.6,14711,539.1,294.504,synthetic
car,petrol,1248,1674,4,277.1,100.2,84.7,highway,high,19.2,213,163.2,44.878,synthetic
car,diesel,2467,1107,14,106.9,102.3,47.6,urban,high,2.3,394,63.4,44.642,synthetic
car,petrol,1162,1739,15,243.9,57.7,100.0,highway,high,18.3,328,263.3,36.658,synthetic
truck,diesel,5830,9754,2,710.3,79.1,28.4,highway,medium,7.7,2637,610.2,444.657,synthetic
